id,username,hash_password,first_name,last_name,email,phone,address1,address2,city,state,postal_code,country,subscribed,member_start_date,member_end_date,subscription_start_date,subscription_end_date,weekly_start_date,meals_per_week,price
1,ecockill0,lBvAY4COzPOI,Etan,Cockill,ecockill0@chicagotribune.com,48,4953 Cascade Center,Circle,Sabanagrande,,32315,Honduras,false,5/24/2021,2/1/2021,9/14/2021,2/4/2021,6/20/2021,,
2,kokeefe1,OLLmhKJbk4,Kingsly,O'Keefe,kokeefe1@ovh.net,23,795 Oak Street,Crossing,Courbevoie,A8,59541,France,false,4/30/2021,5/10/2021,11/17/2020,8/12/2021,1/4/2021,,
3,teddow2,I6UbK5,Tansy,Eddow,teddow2@cargocollective.com,67,08 South Avenue,Terrace,Makrychóri,,58559,Greece,true,2/5/2021,12/28/2020,8/30/2021,4/3/2021,10/21/2020,,
4,htrevena3,EdaGXgK5sti,Hamilton,Trevena,htrevena3@qq.com,58,80349 Little Fleur Pass,Park,Karangkancana,,36258,Indonesia,false,3/3/2021,4/5/2021,6/1/2021,1/9/2021,2/11/2021,7,32
5,cbrady4,1gj92Vv0,Courtenay,Brady,cbrady4@ted.com,6,37 Atwood Alley,Terrace,Coronel Vivida,,70961,Brazil,true,5/14/2021,9/2/2021,10/7/2021,9/22/2021,2/24/2021,,
6,jgodsil5,bCSSV8e3,Jacquelynn,Godsil,jgodsil5@cyberchimps.com,10,505 Artisan Hill,Crossing,Recreio,,39480,Brazil,true,10/4/2021,2/5/2021,8/28/2021,8/10/2021,2/11/2021,,
7,ltopliss6,qihOsakXO,Leora,Topliss,ltopliss6@ebay.co.uk,89,0118 Steensland Crossing,Hill,Tarbagatay,,34241,Russia,true,12/15/2020,11/9/2020,11/6/2020,11/27/2020,7/9/2021,,
8,akyston7,LkRn0piB,Annis,Kyston,akyston7@biglobe.ne.jp,41,729 Hudson Avenue,Junction,Rumelange,,25899,Luxembourg,true,3/27/2021,2/5/2021,10/27/2020,4/25/2021,4/20/2021,6,20
9,pmanie8,GCzPawY,Patrizia,Manie,pmanie8@mayoclinic.com,70,930 Ronald Regan Drive,Way,Nantes,B5,95789,France,false,3/12/2021,3/21/2021,12/29/2020,5/11/2021,7/17/2021,,
10,gwandrach9,UgHkCw,Glori,Wandrach,gwandrach9@wikispaces.com,28,57 Cherokee Terrace,Terrace,Luleå,BD,41492,Sweden,false,6/7/2021,9/9/2021,1/13/2021,3/17/2021,6/22/2021,,
11,jbetchleya,r4JL4cPCRFYw,Jordana,Betchley,jbetchleya@senate.gov,12,2 Sugar Street,Drive,Ji’an,,54434,China,true,5/9/2021,4/12/2021,11/27/2020,3/8/2021,8/2/2021,,
12,dbreckenridgeb,Qg8T1lCrMy,Dud,Breckenridge,dbreckenridgeb@pen.io,73,1061 Lake View Center,Junction,Pagelaran,,37275,Indonesia,false,10/19/2020,9/26/2021,11/30/2020,8/24/2021,11/17/2020,5,22
13,mmilsteadc,iDIGE1n,Malvin,Milstead,mmilsteadc@cdbaby.com,59,87 Lake View Circle,Circle,Kingston,,42442,New Zealand,false,4/10/2021,11/9/2020,11/23/2020,7/13/2021,2/12/2021,,
14,mwalheddd,um3o8EYUp,Madison,Walhedd,mwalheddd@pen.io,39,3 Northwestern Center,Hill,Örebro,T,80477,Sweden,false,2/26/2021,5/14/2021,4/18/2021,2/16/2021,9/27/2021,7,24
15,squaltroughe,59c9bx,Shamus,Qualtrough,squaltroughe@google.co.uk,9,7 Village Lane,Way,Baton Rouge,LA,55835,United States,true,4/16/2021,8/21/2021,3/23/2021,4/24/2021,1/22/2021,,
16,sglasermanf,ToM7xpD,Stinky,Glaserman,sglasermanf@behance.net,46,98820 Gina Circle,Lane,Makedonski Brod,,92577,Macedonia,true,9/2/2021,10/12/2021,7/24/2021,1/22/2021,8/24/2021,7,39
17,bwingfieldg,aOAugmgG,Bat,Wingfield,bwingfieldg@bizjournals.com,33,7 Bellgrove Park,Terrace,Strassen,,52453,Luxembourg,true,10/19/2020,1/3/2021,9/5/2021,11/29/2020,1/13/2021,,
18,tzywickih,eDyj4Bu9kT,Tessi,Zywicki,tzywickih@mozilla.org,69,937 Veith Court,Place,Bergen,12,54109,Norway,true,5/14/2021,7/29/2021,7/17/2021,4/11/2021,12/12/2020,4,37
19,bcatchesidei,neDWRg,Beatriz,Catcheside,bcatchesidei@google.nl,30,7984 Bluestem Terrace,Hill,Kabankalan,,26782,Philippines,false,2/26/2021,5/7/2021,6/14/2021,2/6/2021,5/7/2021,7,38
20,xpazj,L4DVOk6v6,Ximenes,Paz,xpazj@java.com,39,535 Superior Place,Way,Komi,,48988,Indonesia,true,9/22/2021,4/23/2021,6/29/2021,9/19/2021,5/31/2021,,
21,dmccardk,pepz11LTspa,Dory,McCard,dmccardk@nps.gov,98,72 Carpenter Hill,Road,Krajan Srigonco,,85996,Indonesia,false,7/16/2021,3/28/2021,5/27/2021,10/12/2021,9/18/2021,,
22,eschmuhll,tGJZuhIGnh,Eugine,Schmuhl,eschmuhll@hibu.com,69,02 Mccormick Street,Avenue,Biankouma,,78942,Ivory Coast,true,7/8/2021,6/17/2021,7/9/2021,6/5/2021,3/1/2021,,
23,cgaddesbym,Lg5cYmYZsuy3,Corrianne,Gaddesby,cgaddesbym@washington.edu,62,61765 Parkside Court,Court,Krajan Gading,,79122,Indonesia,true,10/6/2021,8/25/2021,12/21/2020,7/20/2021,3/22/2021,,
24,kchadbournn,zTvpofnz,Kinna,Chadbourn,kchadbournn@soundcloud.com,22,1531 Tennessee Crossing,Lane,Fundación,,36449,Dominican Republic,true,3/14/2021,6/22/2021,10/22/2020,12/12/2020,12/21/2020,,
25,ddumbrallo,ph01Ha,Dewitt,Dumbrall,ddumbrallo@gmpg.org,77,60174 Mcguire Place,Way,Syców,,43948,Poland,false,12/7/2020,3/20/2021,6/5/2021,6/22/2021,2/25/2021,5,20
26,cwallbanksp,vtrqV3,Carmita,Wallbanks,cwallbanksp@reddit.com,84,584 Schmedeman Lane,Lane,Kalianyar Selatan,,33197,Indonesia,false,3/28/2021,8/3/2021,12/26/2020,2/8/2021,6/23/2021,,
27,sthorndaleq,gqLobnrVztrB,Shanda,Thorndale,sthorndaleq@telegraph.co.uk,81,03 Anniversary Crossing,Plaza,Pandaan,,68120,Indonesia,false,6/16/2021,9/27/2021,6/13/2021,3/12/2021,7/29/2021,6,39
28,rrenoufr,aR9SwMlKGSM,Rubia,Renouf,rrenoufr@netscape.com,37,14 Saint Paul Street,Point,Potolo,,18521,Bolivia,false,5/10/2021,8/6/2021,9/30/2021,10/18/2021,2/10/2021,,
29,mgiacomettis,M1xJgQENQUjS,Max,Giacometti,mgiacomettis@diigo.com,5,5970 Tony Trail,Street,Tucson,AZ,89324,United States,true,1/18/2021,6/10/2021,10/9/2021,8/17/2021,7/2/2021,,
30,sscotfordt,gIJmpb6,Stanfield,Scotford,sscotfordt@uiuc.edu,28,38 Sachs Pass,Court,Radlje ob Dravi,,70813,Slovenia,true,4/11/2021,6/1/2021,9/3/2021,1/30/2021,7/22/2021,,
31,sfarreyu,LVzLZ9HprSan,Sibbie,Farrey,sfarreyu@digg.com,94,34957 Acker Park,Park,Takahagi,,30788,Japan,false,7/1/2021,2/20/2021,6/3/2021,9/19/2021,1/5/2021,6,37
32,criggollv,IQTEkZywft7,Camala,Riggoll,criggollv@cbslocal.com,19,392 Kennedy Trail,Alley,Saky,,99060,Ukraine,true,6/16/2021,11/12/2020,8/19/2021,11/13/2020,10/18/2021,,
33,mlivelyw,0ewmRA1bk,Martina,Lively,mlivelyw@phpbb.com,55,984 Northport Drive,Park,Oyam,,77552,Uganda,true,8/14/2021,1/17/2021,11/5/2020,2/7/2021,2/19/2021,5,25
34,cgudex,dUYmdbAaB0hl,Christian,Gude,cgudex@a8.net,18,7497 Steensland Park,Plaza,Leninogorsk,,50416,Russia,true,9/13/2021,6/12/2021,3/22/2021,6/7/2021,2/17/2021,6,36
35,zadamovy,FxTa1QKPE,Zeb,Adamov,zadamovy@de.vu,28,7 Derek Way,Center,Carpentras,B8,55830,France,true,11/28/2020,1/1/2021,12/12/2020,4/29/2021,9/28/2021,6,28
36,bjoppichz,fNzy9b0,Blondell,Joppich,bjoppichz@sogou.com,13,62468 Marquette Crossing,Pass,Xincheng,,61781,China,false,6/9/2021,12/3/2020,6/25/2021,1/1/2021,5/14/2021,6,32
37,dbluett10,DoE0KQoPgIsO,Derby,Bluett,dbluett10@time.com,88,66720 Del Mar Center,Parkway,Pécs,BA,64319,Hungary,true,4/21/2021,8/28/2021,3/5/2021,8/27/2021,3/22/2021,,
38,bbruckent11,wkSU1bopG0Z,Brigid,Bruckent,bbruckent11@spotify.com,84,98895 Carey Trail,Park,Sedandang,,35839,Indonesia,false,1/9/2021,1/30/2021,3/13/2021,8/14/2021,7/31/2021,,
39,mfollit12,TYRFBpM,Marcia,Follit,mfollit12@redcross.org,94,04 David Plaza,Junction,Huaidao,,31934,China,true,4/11/2021,2/18/2021,5/30/2021,1/24/2021,4/2/2021,,
40,sturbard13,I0uQIxe,Samaria,Turbard,sturbard13@devhub.com,6,82 Rusk Lane,Drive,Pruszcz,,44244,Poland,true,4/1/2021,3/27/2021,2/10/2021,11/15/2020,5/14/2021,6,30
41,plockney14,bYcd2xM,Pyotr,Lockney,plockney14@geocities.jp,7,1 Rutledge Point,Place,Castanheira,16,16115,Portugal,true,9/29/2021,11/15/2020,4/8/2021,7/19/2021,11/11/2020,,
42,aojeda15,3n0j35,Allys,Ojeda,aojeda15@nytimes.com,35,254 Carberry Alley,Center,Marseille,B8,46019,France,true,12/25/2020,2/13/2021,2/22/2021,10/30/2020,5/20/2021,6,21
43,vlabbett16,Ig6ruUNjdyq,Vin,Labbett,vlabbett16@ning.com,62,71 Weeping Birch Court,Lane,Mustvee,,28234,Estonia,true,3/2/2021,12/10/2020,5/8/2021,4/6/2021,9/8/2021,,
44,odorsay17,pdYHC8hgl,Ogden,D'orsay,odorsay17@bluehost.com,21,838 Cherokee Way,Center,La Victoria,,84407,Colombia,false,6/4/2021,5/4/2021,11/25/2020,2/1/2021,3/14/2021,,
45,clinde18,m6vw9rf,Creight,Linde,clinde18@sitemeter.com,11,14962 Ronald Regan Drive,Place,Banggel,,96876,Indonesia,true,9/10/2021,4/24/2021,6/14/2021,11/23/2020,8/6/2021,4,31
46,scanto19,jQU4AGV,Sherlocke,Canto,scanto19@eventbrite.com,61,279 Marcy Way,Trail,Köpingsvik,H,32276,Sweden,true,2/22/2021,9/8/2021,5/18/2021,3/23/2021,4/10/2021,3,20
47,dsteggles1a,knzIxVECW,Danyette,Steggles,dsteggles1a@altervista.org,98,88773 Dawn Crossing,Center,Santo Domingo,,64468,Philippines,true,10/28/2020,3/6/2021,9/23/2021,1/5/2021,11/23/2020,7,23
48,fdrew1b,y2kTJZKV7r,Fleur,Drew,fdrew1b@tiny.cc,59,903 Aberg Way,Point,Otse,,85950,Botswana,false,7/22/2021,8/1/2021,10/22/2020,11/21/2020,3/23/2021,,
49,sargile1c,qUPtgj5bc,Sorcha,Argile,sargile1c@1688.com,24,9417 Sullivan Plaza,Trail,Xinji,,60196,China,true,8/6/2021,5/29/2021,10/13/2021,4/11/2021,7/15/2021,,
50,gker1d,aeKrLYen,Guido,Ker,gker1d@samsung.com,36,939 Gina Pass,Pass,Tengah,,17319,Indonesia,false,2/22/2021,3/8/2021,1/30/2021,6/9/2021,8/13/2021,,
51,jmasedon1e,Qi8RcRZOT,Jock,Masedon,jmasedon1e@wp.com,36,541 Doe Crossing Court,Plaza,Xiadahe,,80052,China,true,11/18/2020,3/10/2021,6/14/2021,3/27/2021,1/3/2021,,
52,aknappett1f,O7hcNVUrBP,Alia,Knappett,aknappett1f@columbia.edu,69,34 Shoshone Way,Alley,New Pandanon,,46723,Philippines,true,1/21/2021,1/15/2021,5/8/2021,7/29/2021,11/9/2020,6,22
53,ghulks1g,VjnDhOm,Gale,Hulks,ghulks1g@loc.gov,41,975 Thierer Hill,Court,Qal‘at al Andalus,,68867,Tunisia,true,3/23/2021,5/3/2021,8/11/2021,6/28/2021,2/15/2021,,
54,lgives1h,l1EPqXGFT4P,Leah,Gives,lgives1h@t.co,74,668 Onsgard Place,Court,Buy,,69820,Russia,false,4/19/2021,6/22/2021,6/8/2021,1/21/2021,9/5/2021,,
55,egadsby1i,YQbfUGCYnzN,Elianore,Gadsby,egadsby1i@ovh.net,27,3029 Johnson Junction,Avenue,Yanglin,,38678,China,true,2/25/2021,7/16/2021,10/22/2020,5/27/2021,3/9/2021,,
56,cfranchi1j,cGGQZWq,Carlota,Franchi,cfranchi1j@storify.com,71,58062 Loftsgordon Junction,Hill,Feng’an,,37594,China,true,9/24/2021,5/3/2021,4/29/2021,5/29/2021,10/11/2021,7,26
57,aoflynn1k,EKlr1XkDNCO,Agosto,O'Flynn,aoflynn1k@eepurl.com,46,0378 Brown Trail,Trail,Taipingxi,,48789,China,false,7/24/2021,12/18/2020,12/28/2020,2/27/2021,12/29/2020,,
58,apecey1l,uEOBsCQWGx,Agneta,Pecey,apecey1l@jiathis.com,46,6 Florence Crossing,Trail,Sanhu,,76970,China,true,4/21/2021,10/23/2020,10/20/2020,4/20/2021,11/6/2020,7,22
59,dweber1m,eKrbNM03n0XK,Darla,Weber,dweber1m@123-reg.co.uk,57,2 Beilfuss Terrace,Trail,Dinājpur,,50331,Bangladesh,false,10/29/2020,11/13/2020,5/31/2021,10/18/2021,12/3/2020,,
60,gkarsh1n,r5Am6wpa,Georgena,Karsh,gkarsh1n@google.ru,25,8 Waxwing Road,Terrace,Moravský Beroun,,53696,Czech Republic,false,5/3/2021,8/19/2021,8/5/2021,11/23/2020,6/5/2021,4,38
61,wlind1o,7SXHbfnw0OFq,Welsh,Lind,wlind1o@a8.net,56,2 Shelley Lane,Hill,Domont,A8,60281,France,false,8/3/2021,6/19/2021,6/30/2021,10/2/2021,7/31/2021,4,38
62,drosewell1p,ZqwJMpKPun8,Donnajean,Rosewell,drosewell1p@dmoz.org,16,619 Helena Road,Road,Rosario,,90760,Argentina,false,3/8/2021,11/13/2020,10/27/2020,1/7/2021,12/16/2020,,
63,scarwithan1q,6K2rgeTtP9,Stefan,Carwithan,scarwithan1q@state.gov,15,90362 Birchwood Crossing,Way,Iganga,,59522,Uganda,false,4/15/2021,1/12/2021,6/16/2021,6/15/2021,8/26/2021,6,37
64,pvalentelli1r,3saDcG00,Portia,Valentelli,pvalentelli1r@independent.co.uk,83,739 American Ash Drive,Drive,Babasakhib,,52610,Afghanistan,true,3/29/2021,5/1/2021,6/27/2021,6/4/2021,1/7/2021,5,25
65,rcraven1s,nC68MjF,Rupert,Craven,rcraven1s@cloudflare.com,88,3220 American Point,Parkway,Fuji,,24907,China,true,12/12/2020,2/26/2021,4/17/2021,9/19/2021,9/5/2021,,
66,vchilver1t,clh15eJ,Vassili,Chilver,vchilver1t@icio.us,93,949 Fisk Avenue,Drive,Sunbu,,12257,China,false,7/15/2021,6/30/2021,9/12/2021,3/13/2021,3/16/2021,,
67,eodams1u,FBmC0Oy,Ellyn,Odams,eodams1u@google.co.jp,18,4821 Darwin Drive,Trail,Xiwu,,35450,China,true,9/5/2021,11/12/2020,8/5/2021,8/29/2021,4/13/2021,,
68,vhuckel1v,cfUyIhHudJHi,Vaughn,Huckel,vhuckel1v@shop-pro.jp,51,863 Declaration Center,Lane,Npongge,,99591,Indonesia,false,12/29/2020,1/18/2021,4/8/2021,1/7/2021,11/16/2020,,
69,ochrestien1w,B802ICwg,Orbadiah,Chrestien,ochrestien1w@hud.gov,77,0 Petterle Circle,Center,Évry,A8,48341,France,false,11/10/2020,7/7/2021,2/24/2021,6/11/2021,12/28/2020,4,21
70,jablott1x,KxW2r6f,Jonathon,Ablott,jablott1x@youku.com,23,7100 4th Trail,Parkway,Vinha,03,61986,Portugal,false,3/14/2021,6/6/2021,11/4/2020,9/17/2021,11/7/2020,4,38
71,plarkin1y,G0HgWKWDxWZ,Pepillo,Larkin,plarkin1y@zdnet.com,16,5170 Randy Trail,Center,Irecê,,45252,Brazil,true,8/20/2021,10/8/2021,10/24/2020,6/30/2021,7/22/2021,7,28
72,ndenson1z,564FHLjGO0,Nola,Denson,ndenson1z@histats.com,13,0289 Mandrake Park,Park,Sishan,,86021,China,false,8/3/2021,4/5/2021,11/26/2020,8/21/2021,2/10/2021,,
73,cgreenless20,0gFamCVCQxf,Correna,Greenless,cgreenless20@va.gov,98,2 Golden Leaf Terrace,Parkway,Xijiang,,72002,China,false,8/13/2021,7/29/2021,1/30/2021,3/11/2021,2/22/2021,5,37
74,mdemoge21,REYWMazL7e,Maurice,Demoge,mdemoge21@elpais.com,36,9739 Twin Pines Place,Alley,Beizhakou,,17391,China,true,9/17/2021,7/2/2021,11/12/2020,9/29/2021,12/20/2020,,
75,pcardillo22,y2wVE4,Paxon,Cardillo,pcardillo22@opensource.org,29,62 Nova Lane,Road,‘Arīqah,,93479,Syria,false,1/27/2021,12/1/2020,12/10/2020,11/2/2020,1/21/2021,,
76,candrusov23,BMOossLwj0x,Chicky,Andrusov,candrusov23@technorati.com,75,4 Huxley Way,Trail,Hegarsari,,33507,Indonesia,true,11/25/2020,10/22/2020,5/29/2021,5/26/2021,3/10/2021,7,39
77,llightbourn24,ESIND9m,Libbi,Lightbourn,llightbourn24@barnesandnoble.com,6,335 Dapin Road,Lane,Narawayong,,12857,Indonesia,true,11/2/2020,12/10/2020,5/22/2021,5/5/2021,10/31/2020,5,25
78,rmarre25,DoOVpKd2,Romeo,Marre,rmarre25@senate.gov,1,8459 Annamark Park,Point,Kawęczyn,,15010,Poland,false,11/7/2020,5/27/2021,8/31/2021,12/12/2020,2/5/2021,,
79,ehuskinson26,8GRzChr,Elysee,Huskinson,ehuskinson26@trellian.com,49,42 East Terrace,Crossing,Vrilissia,,59766,Greece,true,9/14/2021,9/2/2021,5/23/2021,6/21/2021,6/26/2021,7,34
80,kchaperling27,9PiB1XGIK,Kerby,Chaperling,kchaperling27@tuttocitta.it,96,319 Porter Avenue,Park,Shcherbinka,,52937,Russia,false,2/25/2021,3/2/2021,4/30/2021,3/22/2021,5/24/2021,4,37
81,pjankiewicz28,Cjwizw,Pedro,Jankiewicz,pjankiewicz28@jimdo.com,37,547 Grayhawk Terrace,Pass,Tuohua,,81768,China,true,5/18/2021,11/25/2020,11/21/2020,4/24/2021,3/26/2021,,
82,groake29,fSFsyeZMU,Gwennie,Roake,groake29@prweb.com,18,8 Dennis Street,Alley,San Ignacio de Velasco,,78569,Bolivia,true,1/1/2021,11/10/2020,4/26/2021,10/16/2021,8/27/2021,3,33
83,mgoodoune2a,okBeDWF0,Margaretta,Goodoune,mgoodoune2a@tmall.com,50,38925 Lighthouse Bay Alley,Point,Richmond,QC,82371,Canada,false,8/29/2021,8/24/2021,6/30/2021,5/30/2021,6/26/2021,7,27
84,dgallegos2b,tbFxroRF,Dorrie,Gallegos,dgallegos2b@desdev.cn,62,49876 Vera Plaza,Pass,Fonte Boa,,38801,Brazil,false,6/24/2021,4/2/2021,7/23/2021,11/20/2020,4/9/2021,,
85,ldunbabin2c,ZxvRriCHX2,Loralie,Dunbabin,ldunbabin2c@yahoo.com,28,20716 Oriole Circle,Court,Thakhèk,,98470,Laos,true,9/1/2021,8/5/2021,1/25/2021,6/16/2021,11/7/2020,,
86,hlenoury2d,oCSt107,Hart,Le Noury,hlenoury2d@apple.com,43,580 Tennyson Alley,Junction,Atakpamé,,30486,Togo,true,5/12/2021,1/26/2021,2/2/2021,2/13/2021,3/3/2021,4,22
87,wcollihole2e,9RC09sY,Weber,Collihole,wcollihole2e@vinaora.com,34,57 Northridge Drive,Road,Mandeman Daya,,72048,Indonesia,false,11/20/2020,1/13/2021,4/23/2021,4/26/2021,11/3/2020,,
88,mgress2f,obC3wrLar,Magdalena,Gress,mgress2f@theguardian.com,69,174 Haas Parkway,Plaza,Pahing Jalatrang,,83796,Indonesia,false,11/1/2020,4/24/2021,8/11/2021,12/7/2020,12/6/2020,7,28
89,jscanes2g,nl7NVBnH,Jarvis,Scanes,jscanes2g@buzzfeed.com,22,3770 Utah Park,Park,Bella Vista,,85067,Panama,true,3/5/2021,10/7/2021,6/14/2021,8/1/2021,2/22/2021,4,23
90,bebbetts2h,75bxy2xl,Bev,Ebbetts,bebbetts2h@stanford.edu,35,3526 Truax Lane,Trail,Jiefu,,38856,China,false,3/12/2021,2/18/2021,3/6/2021,8/27/2021,8/14/2021,,
91,pmcshea2i,y8jnglv,Page,McShea,pmcshea2i@blogtalkradio.com,39,5583 Colorado Point,Court,Sidoger Lebak,,30414,Indonesia,false,4/18/2021,5/17/2021,10/6/2021,9/3/2021,3/16/2021,4,31
92,hfetherstonhaugh2j,oD1sq85bc,Hi,Fetherstonhaugh,hfetherstonhaugh2j@japanpost.jp,69,6312 Maple Wood Street,Point,Zaječov,,88977,Czech Republic,false,9/19/2021,2/21/2021,3/9/2021,3/31/2021,12/9/2020,,
93,ldavies2k,LwTizZt,Linnet,Davies,ldavies2k@smh.com.au,93,92 Kensington Court,Pass,Yangirabot,,54464,Uzbekistan,true,12/25/2020,10/10/2021,11/26/2020,10/12/2021,1/28/2021,4,21
94,cspaunton2l,WI0uf8,Carlye,Spaunton,cspaunton2l@shareasale.com,2,62 Fulton Court,Junction,Secang Barat,,62632,Indonesia,false,5/14/2021,11/5/2020,4/17/2021,6/26/2021,1/27/2021,,
95,rtoft2m,IdhcGLat,Rey,Toft,rtoft2m@imgur.com,18,0 Helena Place,Plaza,Gabaldon,,45001,Philippines,true,3/27/2021,8/25/2021,9/28/2021,7/10/2021,7/6/2021,,
96,hdunthorn2n,szhMLaslSFOS,Humberto,Dunthorn,hdunthorn2n@latimes.com,34,815 Oakridge Junction,Terrace,Washington,DC,94739,United States,false,2/4/2021,5/15/2021,7/10/2021,11/18/2020,11/23/2020,,
97,amcnern2o,KpvPXA,Aurea,McNern,amcnern2o@weibo.com,62,33 Ramsey Center,Center,Ouzini,,44076,Comoros,true,1/31/2021,8/13/2021,1/31/2021,5/24/2021,7/14/2021,3,24
98,dsherrard2p,rZbuJzVd4B,Dani,Sherrard,dsherrard2p@twitter.com,46,59 Erie Alley,Way,Montilla,,35383,Philippines,false,1/17/2021,5/2/2021,6/23/2021,1/22/2021,3/24/2021,,
99,ckeddle2q,WIqIdW9,Cleveland,Keddle,ckeddle2q@tiny.cc,18,62 Oakridge Crossing,Avenue,Garko,,14527,Nigeria,false,2/17/2021,6/15/2021,1/2/2021,8/22/2021,11/15/2020,,
100,grollett2r,epBHcq3GY,Gilburt,Rollett,grollett2r@thetimes.co.uk,78,6804 Rigney Center,Center,Guantang,,81135,China,false,12/27/2020,9/7/2021,11/29/2020,6/24/2021,3/30/2021,,
101,cwaszczyk2s,Qkda5IxG9uL,Clovis,Waszczyk,cwaszczyk2s@woothemes.com,28,233 Independence Plaza,Alley,Guyang,,16325,China,false,7/4/2021,1/23/2021,6/19/2021,3/20/2021,3/27/2021,7,20
102,lpetegrew2t,ByY9oXQ4w,Lezley,Petegrew,lpetegrew2t@vinaora.com,4,89868 Cascade Way,Plaza,Guri-si,,95997,South Korea,false,12/17/2020,10/17/2021,3/14/2021,5/10/2021,3/13/2021,,
103,shasser2u,J4pe1WyB1,Sue,Hasser,shasser2u@people.com.cn,33,48 Melrose Lane,Court,Río Tercero,,72707,Argentina,false,3/8/2021,4/13/2021,2/5/2021,11/16/2020,11/17/2020,,
104,fdjokovic2v,rIiAF9,Felita,Djokovic,fdjokovic2v@github.io,7,91 Hansons Center,Center,Dieppe,A7,59881,France,true,2/6/2021,9/27/2021,6/27/2021,2/14/2021,2/11/2021,,
105,kryves2w,EWJgKz,Krystle,Ryves,kryves2w@latimes.com,23,30780 Ronald Regan Center,Park,Arbais,,13868,Indonesia,false,11/11/2020,6/12/2021,1/31/2021,4/13/2021,4/24/2021,,
106,mhiscoe2x,lf8micw,Melisa,Hiscoe,mhiscoe2x@umich.edu,34,08539 Shopko Way,Park,Aguadulce,,93322,Panama,false,1/8/2021,2/1/2021,8/17/2021,10/29/2020,3/6/2021,,
107,mstrang2y,PKn5P9zpBiAu,Margette,Strang,mstrang2y@storify.com,68,70435 Bluejay Hill,Alley,Hubynykha,,58487,Ukraine,false,4/26/2021,1/6/2021,2/3/2021,6/16/2021,3/7/2021,,
108,rpercy2z,AxOw0Ir,Rosalyn,Percy,rpercy2z@51.la,6,7788 Dwight Pass,Center,Proboštov,,74078,Czech Republic,false,11/5/2020,7/23/2021,4/5/2021,6/10/2021,3/6/2021,,
109,mcreyke30,7r2VUfMMG7D,Mariette,Creyke,mcreyke30@facebook.com,18,701 Graceland Circle,Drive,Muḩambal,,35049,Syria,true,6/22/2021,4/1/2021,1/11/2021,11/10/2020,4/7/2021,,
110,cmacgeffen31,KynnY9ZNncjP,Colman,MacGeffen,cmacgeffen31@examiner.com,45,552 Nova Crossing,Road,Taikang,,72598,China,false,5/9/2021,6/15/2021,2/23/2021,6/25/2021,8/10/2021,,
111,ecomo32,C6qJzkD,Esme,Como,ecomo32@cdbaby.com,67,15 Service Hill,Park,Liuhu,,17831,China,false,2/4/2021,11/2/2020,2/2/2021,7/9/2021,9/29/2021,,
112,gcummins33,7Avrz0,Granthem,Cummins,gcummins33@discovery.com,54,83 Glendale Pass,Lane,Luleå,BD,19516,Sweden,false,9/22/2021,11/23/2020,6/11/2021,12/17/2020,12/18/2020,3,34
113,rgoslin34,331xb00,Rouvin,Goslin,rgoslin34@nationalgeographic.com,16,77441 Washington Park,Lane,Simpang,,61538,Indonesia,true,12/26/2020,8/15/2021,9/3/2021,6/19/2021,4/21/2021,7,27
114,ebarhem35,GNcNKq8DkU,Elene,Barhem,ebarhem35@yolasite.com,49,4 Vahlen Avenue,Hill,Kyzyl,,78929,Russia,false,11/8/2020,9/21/2021,10/10/2021,7/2/2021,9/24/2021,,
115,vscimonelli36,QIBNsWJ,Vanya,Scimonelli,vscimonelli36@ox.ac.uk,87,8269 Linden Point,Pass,‘Alī al Gharbī,,43699,Iraq,false,3/26/2021,7/6/2021,5/21/2021,12/3/2020,12/28/2020,,
116,zbarsam37,SwBrv2c4P,Zola,Barsam,zbarsam37@hc360.com,48,3441 Aberg Alley,Junction,Abucay,,86760,Philippines,false,6/28/2021,4/19/2021,11/3/2020,11/28/2020,6/14/2021,,
117,fspiller38,Yp7jTxEG,Fidelity,Spiller,fspiller38@sciencedirect.com,73,94 Bayside Park,Alley,Rennes,A2,11009,France,false,7/9/2021,12/19/2020,10/24/2020,1/26/2021,6/23/2021,,
118,fmewton39,ctcCdJy,Franciska,Mewton,fmewton39@google.com.br,30,294 Division Park,Pass,Bato,,99110,Philippines,false,10/3/2021,7/8/2021,9/15/2021,10/7/2021,12/8/2020,,
119,tdelafield3a,01wphLM,Tiffie,DelaField,tdelafield3a@4shared.com,70,550 Killdeer Point,Pass,Yangxiang,,76510,China,true,7/3/2021,10/13/2021,2/19/2021,6/22/2021,8/23/2021,5,28
120,cgebb3b,Zc2JYq,Catlee,Gebb,cgebb3b@cnn.com,68,4533 Florence Circle,Trail,Cunday,,87213,Colombia,false,3/21/2021,1/30/2021,4/29/2021,3/26/2021,7/6/2021,,
121,ocarwithen3c,Pq9IoF0w2,Obediah,Carwithen,ocarwithen3c@go.com,1,18009 Montana Parkway,Trail,Sande São Martinho,03,29927,Portugal,false,1/24/2021,4/8/2021,4/7/2021,9/19/2021,9/15/2021,,
122,esimester3d,owSdqyAS,Elliott,Simester,esimester3d@spiegel.de,33,62513 Maple Wood Street,Court,Miguel Hidalgo,GUA,19858,Mexico,false,6/14/2021,1/26/2021,6/30/2021,5/5/2021,5/22/2021,4,25
123,dpetel3e,OjmCqeec,Dotty,Petel,dpetel3e@auda.org.au,90,8 Brown Circle,Avenue,Mikhaylovsk,,73312,Russia,true,3/11/2021,12/12/2020,4/7/2021,11/6/2020,8/9/2021,,
124,kcoopman3f,nVkzoSrj2,Karlen,Coopman,kcoopman3f@army.mil,9,1 Sommers Court,Parkway,Oro Verde,,73757,Argentina,false,1/25/2021,8/17/2021,9/24/2021,8/5/2021,2/22/2021,,
125,ealliban3g,TMnS50g,Edyth,Alliban,ealliban3g@theglobeandmail.com,22,1433 Burrows Junction,Crossing,Malabago,,66306,Philippines,false,11/18/2020,6/3/2021,10/30/2020,1/28/2021,7/8/2021,7,38
126,dbunny3h,bQHugk,Dane,Bunny,dbunny3h@gravatar.com,91,6914 Esker Terrace,Park,Nombre de Jesús,,22367,Honduras,false,9/21/2021,10/20/2020,12/3/2020,10/5/2021,6/4/2021,6,20
127,lahren3i,XPZg0v,Loraine,Ahren,lahren3i@dion.ne.jp,89,33049 Sutherland Drive,Parkway,Muleba,,14479,Tanzania,true,12/31/2020,3/11/2021,12/28/2020,3/30/2021,6/14/2021,,
128,hollerenshaw3j,CMfl0HM,Howard,Ollerenshaw,hollerenshaw3j@cnet.com,33,09261 Elmside Court,Alley,Taketoyo,,74292,Japan,true,2/23/2021,2/3/2021,4/24/2021,2/26/2021,4/16/2021,7,29
129,rdade3k,l85qFy,Ralph,Dade,rdade3k@com.com,55,99818 Fulton Drive,Crossing,Wushi,,99320,China,false,1/17/2021,12/2/2020,4/13/2021,3/27/2021,7/30/2021,,
130,amarwood3l,VLpX2U0,Annamarie,Marwood,amarwood3l@reverbnation.com,39,469 Tennessee Crossing,Junction,Bandhagen,AB,54161,Sweden,false,4/29/2021,3/31/2021,8/11/2021,9/10/2021,8/4/2021,,
131,cascroft3m,sZOSSiM4,Carolan,Ascroft,cascroft3m@washington.edu,20,80 Hollow Ridge Alley,Lane,Jiamachi,,10262,China,true,7/21/2021,2/2/2021,6/22/2021,3/9/2021,8/16/2021,,
132,disaksson3n,GkE46LomgDaq,Darcie,Isaksson,disaksson3n@bizjournals.com,71,4018 Farragut Road,Point,Naurskaya,,33018,Russia,true,6/26/2021,11/24/2020,8/24/2021,10/13/2021,9/19/2021,,
133,jbendik3o,vRjJ3Xo7,Justine,Bendik,jbendik3o@hugedomains.com,8,25553 Muir Hill,Crossing,Pacarkeling,,92186,Indonesia,true,1/2/2021,4/3/2021,3/23/2021,7/28/2021,1/17/2021,6,20
134,nmayman3p,RxHLqB,Nolana,Mayman,nmayman3p@simplemachines.org,99,29 Calypso Parkway,Plaza,Kindersley,SK,16988,Canada,true,3/23/2021,12/26/2020,4/9/2021,12/12/2020,1/18/2021,,
135,jmadden3q,SdgA80GT,Jeremie,Madden,jmadden3q@yahoo.com,15,76 Hoffman Drive,Court,Habana del Este,,71707,Cuba,false,7/8/2021,8/30/2021,4/1/2021,1/27/2021,10/13/2021,,
136,omacloughlin3r,OeaF2lT9v,Orsola,MacLoughlin,omacloughlin3r@dot.gov,7,6 Loftsgordon Plaza,Plaza,Ágios Andréas,,90236,Greece,false,9/1/2021,2/25/2021,12/7/2020,2/11/2021,9/2/2021,,
137,smcnuff3s,bBaIbjHjEpZD,Sheilah,McNuff,smcnuff3s@dion.ne.jp,89,454 Warner Crossing,Center,Xushangqiao,,38753,China,true,2/22/2021,3/23/2021,3/22/2021,3/26/2021,3/14/2021,6,23
138,jdesorts3t,1kXQLhYt,Jana,Desorts,jdesorts3t@independent.co.uk,97,560 Sunfield Junction,Trail,Shiwan,,16409,China,false,10/24/2020,7/20/2021,12/9/2020,10/13/2021,9/8/2021,5,33
139,wjanicijevic3u,rk6aH2lIQh4W,Wilbert,Janicijevic,wjanicijevic3u@paginegialle.it,21,61 Lotheville Road,Junction,Yafran,,54900,Libya,true,6/23/2021,3/24/2021,3/6/2021,1/17/2021,12/16/2020,,
140,djacobsson3v,Hcltqqt0,Delbert,Jacobsson,djacobsson3v@house.gov,37,086 Anderson Drive,Drive,Negotino,,26627,Macedonia,true,3/3/2021,4/17/2021,1/19/2021,11/23/2020,12/26/2020,,
141,bborgars3w,oPbOTZ9,Bree,Borgars,bborgars3w@senate.gov,9,76 Towne Pass,Park,Hŭngnam,,38213,North Korea,true,3/10/2021,6/14/2021,8/18/2021,6/25/2021,11/7/2020,4,39
142,mmcaughtry3x,IZqtW0nEyf,Meggie,McAughtry,mmcaughtry3x@skyrock.com,51,41937 Linden Park,Court,Gerdu,,23992,Indonesia,true,6/24/2021,3/17/2021,11/15/2020,1/5/2021,10/14/2021,,
143,lpadly3y,amy8rKmTuxYy,Lynett,Padly,lpadly3y@shareasale.com,25,98028 Artisan Plaza,Hill,Changchun,,40307,China,false,2/28/2021,6/13/2021,9/13/2021,4/17/2021,7/8/2021,,
144,sskullet3z,WkO6WDA,Sandie,Skullet,sskullet3z@lycos.com,69,4 Buena Vista Way,Parkway,Orahovica,,17550,Croatia,true,12/16/2020,6/12/2021,11/11/2020,4/13/2021,5/25/2021,,
145,apawelczyk40,tiYwzF83,Ana,Pawelczyk,apawelczyk40@drupal.org,73,563 Holmberg Alley,Center,Sacramento,,16706,Brazil,false,4/9/2021,1/15/2021,3/8/2021,9/30/2021,12/6/2020,,
146,hhansill41,Uo1z1V,Hamil,Hansill,hhansill41@indiegogo.com,59,4479 Saint Paul Road,Avenue,Qingtang,,80545,China,true,11/30/2020,1/14/2021,10/11/2021,11/3/2020,1/21/2021,,
147,afleote42,Q3E6P13,Adele,Fleote,afleote42@boston.com,30,1414 Steensland Avenue,Parkway,Ronneby,K,52417,Sweden,false,10/8/2021,4/6/2021,7/16/2021,4/29/2021,3/19/2021,6,38
148,bkluger43,YvTS3RMpK,Buck,Kluger,bkluger43@wix.com,99,2 Lukken Hill,Lane,Znojmo,,21556,Czech Republic,true,9/8/2021,8/4/2021,6/27/2021,3/26/2021,8/27/2021,4,32
149,seveque44,pUY608aMD,Sydelle,Eveque,seveque44@google.it,60,36547 Stuart Avenue,Plaza,Popayán,,60642,Colombia,false,12/14/2020,6/10/2021,7/11/2021,10/2/2021,7/21/2021,3,21
150,awitherow45,HB6fnU,Alphonso,Witherow,awitherow45@mashable.com,9,4624 Redwing Junction,Avenue,Kuragaki-kosugi,,53955,Japan,true,5/16/2021,10/8/2021,9/5/2021,5/16/2021,7/24/2021,,
151,ccarlow46,f7IqRfkw,Casper,Carlow,ccarlow46@google.ca,52,5 Melby Crossing,Point,Ożarów,,83138,Poland,true,8/26/2021,12/13/2020,11/9/2020,10/3/2021,5/19/2021,,
152,sgillooly47,bWtzTv1xsw3O,Sada,Gillooly,sgillooly47@eventbrite.com,98,919 Luster Place,Avenue,Stockholm,AB,34009,Sweden,false,1/13/2021,4/9/2021,7/11/2021,3/7/2021,5/20/2021,,
153,jfitzackerley48,vDdtaNX,Jason,Fitzackerley,jfitzackerley48@uol.com.br,56,8 Toban Center,Trail,Faraulep,,21102,Micronesia,true,1/20/2021,8/8/2021,9/7/2021,8/9/2021,9/6/2021,,
154,sshepperd49,bdcpmJKQiD3,Sybille,Shepperd,sshepperd49@hugedomains.com,97,1 Welch Crossing,Hill,Tân Phú,,85447,Vietnam,true,3/29/2021,7/26/2021,5/29/2021,12/18/2020,7/30/2021,,
155,ctracey4a,NEoVQHiBc6i,Cordula,Tracey,ctracey4a@so-net.ne.jp,46,82 Red Cloud Avenue,Lane,Glasgow,SCT,10071,United Kingdom,true,10/16/2021,1/7/2021,6/11/2021,12/30/2020,12/15/2020,6,33
156,ladshead4b,DdnDhH,Laurens,Adshead,ladshead4b@addthis.com,13,544 Hayes Pass,Circle,Mutsu,,42513,Japan,false,6/16/2021,3/14/2021,9/27/2021,3/1/2021,7/21/2021,,
157,fashborn4c,EDNUUCVt,Felic,Ashborn,fashborn4c@1und1.de,63,377 American Terrace,Place,Lilin Satu,,97806,Indonesia,false,10/2/2021,3/3/2021,6/5/2021,6/20/2021,10/12/2021,,
158,jbenard4d,eaZkAEIHDF,Josias,Benard,jbenard4d@imageshack.us,99,904 Kenwood Way,Court,Nāḩiyat Hīrān,,45642,Iraq,false,7/8/2021,6/4/2021,2/15/2021,6/12/2021,8/13/2021,5,40
159,bmelmar4e,TkfYwO,Bennett,Melmar,bmelmar4e@blogspot.com,20,138 Algoma Place,Parkway,Uruaçu,,34721,Brazil,false,5/27/2021,7/26/2021,10/25/2020,11/2/2020,3/14/2021,6,30
160,ldewire4f,6HMvNzbL,Lindie,Dewire,ldewire4f@de.vu,1,2751 Becker Plaza,Center,Hînceşti,,16202,Moldova,true,9/15/2021,4/9/2021,1/3/2021,2/26/2021,4/19/2021,7,36
161,cyoslowitz4g,0k1LQ2arUc,Codie,Yoslowitz,cyoslowitz4g@weibo.com,38,68 Bluejay Park,Lane,Sapele,,54298,Nigeria,true,5/10/2021,8/1/2021,6/8/2021,1/26/2021,7/15/2021,3,23
162,jmclae4h,FLaEEkSYkvqI,Josselyn,McLae,jmclae4h@businesswire.com,33,72174 Fair Oaks Avenue,Point,Thị Trấn Tà Lùng,,43072,Vietnam,false,10/6/2021,6/27/2021,7/11/2021,6/14/2021,5/26/2021,,
163,mlemasney4i,LCNjkEp5X7jJ,Mireille,Lemasney,mlemasney4i@webnode.com,35,1230 Hallows Lane,Way,Jelat,,53757,Indonesia,false,7/29/2021,7/16/2021,12/23/2020,12/15/2020,4/14/2021,,
164,lsnartt4j,FzOz6Vnpkd,Lester,Snartt,lsnartt4j@shinystat.com,94,51579 Waxwing Alley,Hill,Labo,,62257,Philippines,true,5/19/2021,6/1/2021,11/12/2020,7/1/2021,2/27/2021,3,23
165,wmayman4k,hfb9CN44J,Woody,Mayman,wmayman4k@businessinsider.com,61,98922 Moulton Terrace,Center,Adrasmon,,15768,Tajikistan,false,10/30/2020,8/23/2021,4/8/2021,1/21/2021,8/22/2021,3,27
166,mkirkham4l,2bLyD8jr,Melisa,Kirkham,mkirkham4l@123-reg.co.uk,4,9 Bunting Circle,Parkway,Clamart,A8,44613,France,true,4/9/2021,4/16/2021,3/4/2021,2/25/2021,8/31/2021,5,37
167,mpiecha4m,p7QaxOD,Michelle,Piecha,mpiecha4m@imdb.com,30,73 Hoepker Park,Way,Obiliq,,22032,Kosovo,true,4/22/2021,8/11/2021,6/4/2021,8/25/2021,5/10/2021,4,26
168,bloody4n,9wlMpznN,Bebe,Loody,bloody4n@google.com.au,34,30 Graceland Drive,Junction,Tall Abyaḑ,,15583,Syria,true,8/15/2021,9/4/2021,7/25/2021,6/22/2021,8/29/2021,6,32
169,ebusson4o,U1AHXX,Esra,Busson,ebusson4o@vkontakte.ru,45,1 Kipling Avenue,Place,Tampere,,72429,Finland,false,2/7/2021,3/1/2021,9/6/2021,9/8/2021,9/20/2021,,
170,cepiscopi4p,cKWVE5,Cate,Episcopi,cepiscopi4p@ycombinator.com,32,65 Melrose Pass,Trail,Modakeke,,14453,Nigeria,false,5/7/2021,2/15/2021,1/27/2021,8/22/2021,10/9/2021,,
171,asherrum4q,a9W4H2YsZk,Agosto,Sherrum,asherrum4q@mtv.com,89,1869 Hanover Avenue,Trail,Donabate,,36695,Ireland,true,5/3/2021,3/26/2021,7/9/2021,4/15/2021,4/26/2021,,
172,mgrutchfield4r,Oe7zwmhyClpn,Montague,Grutchfield,mgrutchfield4r@mit.edu,65,0 Laurel Point,Alley,Guotan,,77077,China,true,1/19/2021,4/13/2021,11/27/2020,8/12/2021,12/2/2020,6,35
173,tlightbourne4s,0q0R7EnYRE3,Tomas,Lightbourne,tlightbourne4s@zimbio.com,42,34847 Fieldstone Court,Pass,Lescar,97,63044,France,false,7/27/2021,10/9/2021,7/19/2021,9/21/2021,10/21/2020,,
174,iinglefield4t,MIKj9H93e1s,Irving,Inglefield,iinglefield4t@vistaprint.com,84,3647 Brickson Park Road,Point,Tamontaka,,26508,Philippines,true,2/27/2021,7/31/2021,4/3/2021,4/1/2021,8/27/2021,,
175,mchaplyn4u,S5KkW1B,Marylinda,Chaplyn,mchaplyn4u@dot.gov,90,9 Killdeer Plaza,Pass,Gromadka,,43751,Poland,true,10/10/2021,1/10/2021,10/24/2020,5/12/2021,8/17/2021,3,20
176,amurden4v,c0PNupcGu,Alberta,Murden,amurden4v@hibu.com,12,06459 Mayfield Terrace,Parkway,Longcun,,21652,China,true,12/21/2020,2/24/2021,4/11/2021,8/12/2021,3/14/2021,,
177,lpidgeon4w,PaZqlAvi,Lyn,Pidgeon,lpidgeon4w@ted.com,83,78613 Bonner Drive,Trail,Krosno Odrzańskie,,87848,Poland,true,12/3/2020,3/11/2021,2/12/2021,5/15/2021,11/14/2020,3,40
178,rjowle4x,rxFsIdh6GKLq,Roseanne,Jowle,rjowle4x@cargocollective.com,26,37466 Pawling Avenue,Trail,Tours,A3,97311,France,false,11/19/2020,4/28/2021,9/19/2021,2/16/2021,10/18/2021,,
179,bgarrattley4y,G4St8E5v1cN,Barri,Garrattley,bgarrattley4y@hhs.gov,26,24716 Ridgeview Road,Drive,Primorsko,,46471,Bulgaria,true,4/14/2021,9/22/2021,12/1/2020,2/1/2021,1/7/2021,4,25
180,lmarkwelley4z,REuK81Vpz92,Luisa,Markwelley,lmarkwelley4z@twitpic.com,11,7496 Rusk Circle,Center,Laholm,N,12475,Sweden,false,2/9/2021,4/5/2021,8/11/2021,7/14/2021,3/11/2021,,
181,adurtnal50,uWwqPGELO,Amery,Durtnal,adurtnal50@booking.com,13,3432 Jackson Junction,Court,Salām Khēl,,85839,Afghanistan,true,11/3/2020,7/23/2021,6/4/2021,10/11/2021,2/17/2021,4,35
182,lbenedito51,Ay5glgfno,Lulu,Benedito,lbenedito51@sourceforge.net,75,25 Fairview Plaza,Point,Limín Khersonísou,,95812,Greece,false,11/7/2020,4/19/2021,1/24/2021,5/16/2021,3/24/2021,,
183,vglantz52,pR3s6aa2,Viki,Glantz,vglantz52@kickstarter.com,92,6 Washington Circle,Circle,Feikeng,,49453,China,true,7/28/2021,1/25/2021,10/8/2021,6/7/2021,10/10/2021,,
184,cdadamo53,VrkpZITnH,Clarance,D'Adamo,cdadamo53@istockphoto.com,77,62 Walton Center,Avenue,Demak,,76690,Indonesia,false,10/16/2021,7/20/2021,1/14/2021,5/14/2021,12/21/2020,5,20
185,emcphate54,CT3904xv,Editha,McPhate,emcphate54@themeforest.net,82,39231 Butterfield Park,Plaza,Sembung,,81068,Indonesia,true,9/12/2021,12/12/2020,6/25/2021,5/30/2021,11/18/2020,,
186,gblackader55,82tJkiDk,Giorgio,Blackader,gblackader55@multiply.com,90,3 Arizona Lane,Center,Lavrica,,70468,Slovenia,false,7/17/2021,2/23/2021,9/14/2021,3/31/2021,11/24/2020,3,24
187,lgilfoyle56,DpJZ2U,Leese,Gilfoyle,lgilfoyle56@scientificamerican.com,96,0351 Lien Junction,Center,Dusit,,34118,Thailand,false,11/16/2020,10/16/2021,9/19/2021,11/26/2020,12/29/2020,6,38
188,jmcglone57,DD8Eo3EKC,Jedd,McGlone,jmcglone57@geocities.com,67,993 South Pass,Circle,Stare Juchy,,95212,Poland,false,11/19/2020,1/23/2021,6/9/2021,11/12/2020,11/24/2020,,
189,sbumford58,PWxLkwGW9I,Simona,Bumford,sbumford58@naver.com,64,3 Hooker Park,Terrace,Sandaowan,,25263,China,true,10/8/2021,1/3/2021,5/11/2021,3/31/2021,12/1/2020,6,22
190,amabbett59,1QZnwA4,Alfy,Mabbett,amabbett59@eepurl.com,88,7396 Meadow Ridge Street,Circle,Bayanhoshuu,,48457,Mongolia,true,2/4/2021,3/18/2021,4/29/2021,2/7/2021,5/4/2021,,
191,ctunnow5a,tLElLx,Cassandra,Tunnow,ctunnow5a@skype.com,52,53430 Mifflin Point,Way,Puchong,SGR,81588,Malaysia,false,3/8/2021,5/31/2021,8/11/2021,12/30/2020,4/21/2021,,
192,mclemetts5b,9O150mP2E,Myrtia,Clemetts,mclemetts5b@bbb.org,96,5049 Mandrake Crossing,Plaza,Losevo,,40400,Russia,false,8/21/2021,10/21/2020,8/28/2021,12/6/2020,2/27/2021,,
193,ddisdel5c,jMQV9z2,Devinne,Disdel,ddisdel5c@elpais.com,15,56402 Hooker Point,Pass,Laozhuang,,93288,China,false,6/30/2021,3/12/2021,1/20/2021,12/19/2020,11/4/2020,,
194,lismead5d,1huG9TQQg,Lacie,Ismead,lismead5d@ftc.gov,32,804 Di Loreto Street,Lane,Souto,16,24604,Portugal,false,6/21/2021,4/4/2021,2/25/2021,9/5/2021,1/26/2021,,
195,ptuberfield5e,jBMSBQ,Phillipp,Tuberfield,ptuberfield5e@apple.com,64,8873 Hansons Lane,Plaza,Kolodenka,,51402,Ukraine,false,8/28/2021,4/29/2021,1/8/2021,11/3/2020,11/8/2020,6,20
196,akenford5f,QBRtWLyLz,Athena,Kenford,akenford5f@hatena.ne.jp,5,16 Twin Pines Center,Parkway,Chigasaki,,24572,Japan,false,7/15/2021,1/22/2021,12/28/2020,7/5/2021,3/19/2021,,
197,rblandamere5g,FABajeh,Robbert,Blandamere,rblandamere5g@naver.com,59,42 Melrose Terrace,Road,Itéa,,95122,Greece,false,8/15/2021,6/16/2021,8/3/2021,11/12/2020,3/20/2021,5,38
198,kfritschel5h,wIHatfeg,Kevin,Fritschel,kfritschel5h@aol.com,8,64334 Bobwhite Drive,Center,Topchikha,,83749,Russia,true,10/27/2020,9/27/2021,10/15/2021,11/17/2020,10/11/2021,5,30
199,cvossgen5i,UcoendjB,Cahra,Vossgen,cvossgen5i@edublogs.org,36,660 Bashford Hill,Park,Monze,,72259,Zambia,true,7/5/2021,12/10/2020,1/15/2021,11/20/2020,3/21/2021,,
200,amarchant5j,NkB2ao,Almire,Marchant,amarchant5j@virginia.edu,12,251 Warbler Plaza,Lane,Ngrowo,,61914,Indonesia,true,9/3/2021,12/10/2020,12/7/2020,5/7/2021,10/29/2020,3,28
201,hjurges5k,utW5VJDSrJx,Hirsch,Jurges,hjurges5k@vistaprint.com,43,178 Utah Lane,Pass,Melekyne,,29653,Ukraine,true,8/16/2021,12/6/2020,4/5/2021,5/15/2021,9/23/2021,6,35
202,mhanburybrown5l,oiEXV3,Martita,Hanbury-Brown,mhanburybrown5l@etsy.com,75,8 Riverside Road,Street,Pantijan No 2,,66677,Philippines,false,10/10/2021,2/5/2021,11/19/2020,2/2/2021,9/28/2021,,
203,clexa5m,lIhZq1yrYTW,Cecil,Lexa,clexa5m@intel.com,33,58 Prentice Drive,Center,Nyapar,,93666,Indonesia,true,1/26/2021,3/11/2021,4/13/2021,10/2/2021,10/20/2020,6,29
204,ovenners5n,MpqnhJ1w,Oralie,Venners,ovenners5n@artisteer.com,56,2708 Dexter Drive,Park,Sabtang,,13859,Philippines,true,2/13/2021,6/1/2021,4/24/2021,11/20/2020,8/16/2021,,
205,dshowers5o,FE8DtIG1Jf,Datha,Showers,dshowers5o@cnbc.com,14,31 John Wall Place,Point,Bangkle,,95125,Indonesia,true,5/30/2021,7/14/2021,1/12/2021,12/4/2020,4/6/2021,,
206,acureton5p,h2lI95mvxqL,Armstrong,Cureton,acureton5p@artisteer.com,99,3 Oxford Drive,Court,Bassano,AB,63059,Canada,true,8/3/2021,10/1/2021,9/3/2021,10/26/2020,12/10/2020,,
207,ecisson5q,tg4Lnbt7mk,Egor,Cisson,ecisson5q@pagesperso-orange.fr,1,0062 Meadow Valley Terrace,Plaza,Tha Luang,,62141,Thailand,true,7/12/2021,8/6/2021,1/26/2021,5/24/2021,2/2/2021,7,32
208,esixsmith5r,EldzPQ4,Evelyn,Sixsmith,esixsmith5r@cisco.com,79,133 Emmet Drive,Point,Pokachi,,87336,Russia,false,8/7/2021,11/1/2020,5/4/2021,10/2/2021,10/8/2021,,
209,tguinnane5s,3Zor6l,Tamqrah,Guinnane,tguinnane5s@china.com.cn,76,785 Old Gate Park,Lane,Umeå,AC,88194,Sweden,true,4/8/2021,6/27/2021,7/30/2021,6/3/2021,8/25/2021,,
210,ggrindell5t,A25xxI0X,Gerek,Grindell,ggrindell5t@wordpress.com,19,41867 Maywood Hill,Crossing,Simpang,,25933,Indonesia,false,6/5/2021,6/6/2021,8/11/2021,2/23/2021,9/7/2021,,
211,mbertin5u,HWWgcZe,Mari,Bertin,mbertin5u@sakura.ne.jp,85,2 Arrowood Lane,Center,San Pa Tong,,30178,Thailand,true,10/8/2021,1/8/2021,1/28/2021,1/18/2021,8/25/2021,,
212,tdurtnall5v,sEfvBOmd8,Tally,Durtnall,tdurtnall5v@baidu.com,27,623 Doe Crossing Court,Alley,Alamar,,77076,Cuba,false,1/3/2021,10/21/2020,5/23/2021,8/27/2021,5/18/2021,,
213,tgogarty5w,fN1hk5vvP6,Trey,Gogarty,tgogarty5w@multiply.com,98,3 Warbler Court,Lane,Semypolky,,92492,Ukraine,false,10/29/2020,10/30/2020,9/23/2021,1/6/2021,3/16/2021,,
214,anendick5x,QDsyddA,Angele,Nendick,anendick5x@cnet.com,89,8 Dwight Point,Lane,Moguqi,,99337,China,true,1/16/2021,2/5/2021,6/11/2021,10/2/2021,9/15/2021,,
215,krea5y,QfXcppsZsor,Kleon,Rea,krea5y@utexas.edu,25,1447 6th Drive,Alley,Osiek,,78390,Poland,false,9/8/2021,4/12/2021,5/15/2021,6/21/2021,8/19/2021,,
216,ghoggins5z,KJw25Th,Guthrie,Hoggins,ghoggins5z@gov.uk,83,51838 Goodland Court,Place,Vaitape,,81971,French Polynesia,true,11/27/2020,9/28/2021,4/17/2021,8/17/2021,10/1/2021,5,36
217,vnother60,osVmBa,Verna,Nother,vnother60@psu.edu,85,42231 Dexter Avenue,Way,Zabukovica,,86613,Slovenia,true,4/17/2021,4/5/2021,1/13/2021,8/19/2021,6/18/2021,3,37
218,tmaidment61,U3dhHb,Tirrell,Maidment,tmaidment61@hibu.com,95,3 Eggendart Lane,Alley,Starigrad,,16239,Croatia,true,10/12/2021,2/16/2021,3/3/2021,7/3/2021,10/22/2020,,
219,ogoodger62,FEbXKw6,Oliviero,Goodger,ogoodger62@engadget.com,54,95426 Declaration Point,Avenue,Jami,,12654,Indonesia,false,10/31/2020,7/2/2021,3/26/2021,11/23/2020,9/29/2021,,
220,bdomleo63,RNXhOq,Byrom,Domleo,bdomleo63@ucoz.ru,53,09230 Kipling Circle,Street,Jinshan,,75847,China,true,12/7/2020,8/8/2021,9/13/2021,7/17/2021,2/4/2021,6,25
221,ucosgriff64,lyWjC6hj7,Umeko,Cosgriff,ucosgriff64@addthis.com,13,361 Pawling Street,Alley,Tagkawayan Sabang,,87382,Philippines,false,2/11/2021,7/14/2021,6/20/2021,10/13/2021,1/18/2021,5,38
222,gkernaghan65,TKLRy15,Gloriane,Kernaghan,gkernaghan65@marketwatch.com,53,55067 6th Hill,Road,Huangjing,,18047,China,false,6/4/2021,3/18/2021,11/11/2020,10/5/2021,4/11/2021,3,35
223,jfordyce66,6yfFiaO4,Jessie,Fordyce,jfordyce66@privacy.gov.au,52,99 Montana Alley,Place,Xinming,,82393,China,true,4/17/2021,9/29/2021,12/7/2020,11/27/2020,10/2/2021,5,25
224,sgoodsell67,LPABWo,Shalne,Goodsell,sgoodsell67@auda.org.au,47,11999 Havey Road,Point,Nong Chik,,76364,Thailand,true,5/16/2021,9/7/2021,6/10/2021,8/26/2021,7/4/2021,,
225,shicken68,2SpmpBoMKg,Shem,Hicken,shicken68@cnn.com,98,120 Mockingbird Lane,Crossing,Yabrūd,,49826,Syria,false,6/14/2021,10/25/2020,1/10/2021,1/2/2021,10/18/2021,,
226,fguesford69,SOhIxWru,Florenza,Guesford,fguesford69@devhub.com,69,9808 Almo Way,Place,Qiling,,79942,China,true,3/25/2021,9/15/2021,9/24/2021,8/24/2021,4/9/2021,,
227,zkirkam6a,FRY7crkADAzb,Zechariah,Kirkam,zkirkam6a@about.me,80,88 Westerfield Lane,Point,Shaheying,,83986,China,false,11/7/2020,2/1/2021,11/29/2020,1/12/2021,7/17/2021,7,22
228,snappin6b,zM51Fchyw,Stevena,Nappin,snappin6b@msu.edu,98,25031 Sutteridge Junction,Avenue,Tursunzoda,,89441,Tajikistan,true,4/19/2021,6/26/2021,2/21/2021,1/11/2021,4/25/2021,4,35
229,gwhitehorne6c,mxFMHuo,Ginger,Whitehorne,gwhitehorne6c@unc.edu,35,0 Namekagon Lane,Drive,Parajara,,16303,Indonesia,true,9/3/2021,3/12/2021,10/7/2021,4/17/2021,10/20/2020,,
230,fcrayton6d,c2KaB469,Fabio,Crayton,fcrayton6d@wordpress.com,15,8 Dottie Parkway,Drive,Sindanghayu,,89260,Indonesia,false,3/30/2021,7/12/2021,6/10/2021,12/7/2020,2/27/2021,7,35
231,blanaway6e,Bi39ho,Blakeley,Lanaway,blanaway6e@fastcompany.com,76,92740 Coolidge Pass,Plaza,Göteborg,O,89927,Sweden,true,12/27/2020,11/4/2020,10/12/2021,7/22/2021,1/20/2021,,
232,cyewdall6f,cjVZ2IJ,Consolata,Yewdall,cyewdall6f@noaa.gov,90,93 Holmberg Crossing,Pass,Wucheng,,59194,China,true,7/6/2021,10/22/2020,9/3/2021,1/4/2021,1/12/2021,,
233,ttemple6g,CLXpBDLQ,Thornie,Temple,ttemple6g@nhs.uk,12,215 Bultman Place,Court,Bokaa,,72483,Botswana,false,5/22/2021,1/1/2021,6/28/2021,7/2/2021,9/28/2021,,
234,arogger6h,FnK2BBz,Almira,Rogger,arogger6h@delicious.com,2,4960 Packers Street,Park,Kiryū,,40319,Japan,true,11/9/2020,12/5/2020,2/3/2021,7/20/2021,9/19/2021,4,40
235,cprene6i,AsH8bI1,Cary,Prene,cprene6i@webeden.co.uk,87,36316 Trailsway Drive,Road,Palmeira das Missões,,74821,Brazil,false,1/18/2021,8/18/2021,10/14/2021,7/23/2021,11/10/2020,,
236,lrudd6j,R9Gea6oO,Leela,Rudd,lrudd6j@myspace.com,67,7 Park Meadow Circle,Park,Bomomani,,14729,Indonesia,false,4/26/2021,8/9/2021,10/14/2021,8/16/2021,3/1/2021,,
237,ckench6k,pTdswrtBXC,Constantine,Kench,ckench6k@quantcast.com,83,3331 Cardinal Hill,Point,Olbramovice,,75750,Czech Republic,false,3/4/2021,12/29/2020,11/27/2020,6/24/2021,6/16/2021,,
238,crudyard6l,yuRAaL,Cristin,Rudyard,crudyard6l@pcworld.com,64,08661 Moulton Lane,Street,Chugur,,85606,Peru,true,5/31/2021,2/22/2021,2/20/2021,1/4/2021,4/21/2021,3,20
239,hgrayston6m,g9BsvNBx,Hermione,Grayston,hgrayston6m@noaa.gov,57,85428 Gina Plaza,Alley,Guanghou,,23943,China,false,4/14/2021,10/30/2020,7/5/2021,12/20/2020,1/4/2021,5,23
240,yduffyn6n,YP8qbSt,Yetty,Duffyn,yduffyn6n@flickr.com,37,64 Dwight Place,Place,Dobri Dol,,94520,Macedonia,false,8/18/2021,12/18/2020,4/26/2021,7/4/2021,1/27/2021,5,29
241,mclackers6o,TjJtuB30Y,Meagan,Clackers,mclackers6o@nba.com,29,186 Veith Drive,Park,Trà Vinh,,57420,Vietnam,false,7/4/2021,9/2/2021,11/30/2020,6/12/2021,8/6/2021,,
242,ffley6p,Vu9FUQhu0dZi,Flory,Fley,ffley6p@nytimes.com,94,545 Bluestem Junction,Terrace,Troparëvo,,58188,Russia,false,5/15/2021,2/26/2021,10/19/2020,9/29/2021,6/12/2021,7,30
243,igodfree6q,4f6CVoDL,Irena,Godfree,igodfree6q@jalbum.net,12,3 Holy Cross Way,Lane,Xinqiao,,56432,China,true,11/5/2020,6/3/2021,7/28/2021,12/17/2020,12/8/2020,4,22
244,pisakovic6r,faLCtb,Petunia,Isakovic,pisakovic6r@ow.ly,100,4 Glacier Hill Plaza,Plaza,Naga,,63848,Philippines,true,1/18/2021,2/19/2021,4/12/2021,7/31/2021,5/14/2021,4,27
245,ajendricke6s,PUZJPgO,Alphard,Jendricke,ajendricke6s@istockphoto.com,79,33930 Mosinee Drive,Alley,Osieczany,,26961,Poland,false,1/8/2021,1/20/2021,7/30/2021,4/20/2021,7/29/2021,,
246,rpoulglais6t,rTRQA8Y,Raimund,Poulglais,rpoulglais6t@wikipedia.org,25,302 School Trail,Terrace,Barbacoas,,48372,Venezuela,true,12/14/2020,9/18/2021,3/9/2021,7/13/2021,8/9/2021,,
247,inawton6u,3Lsi7DgCE,Irwinn,Nawton,inawton6u@alexa.com,23,6 Dayton Lane,Alley,Zagoryanskiy,,41611,Russia,true,11/23/2020,3/22/2021,2/19/2021,1/11/2021,2/12/2021,5,38
248,asteanyng6v,Ca7q3R,Albert,Steanyng,asteanyng6v@lycos.com,93,63502 Dryden Drive,Crossing,Nogueira,16,42016,Portugal,false,10/13/2021,9/13/2021,9/8/2021,3/20/2021,5/1/2021,,
249,kdesborough6w,ayw1x2Sfj,Krystle,Desborough,kdesborough6w@pen.io,17,39182 Troy Circle,Plaza,Daixi,,53516,China,true,4/17/2021,2/4/2021,10/8/2021,5/24/2021,2/24/2021,,
250,dconklin6x,QhwtYZOZyBAk,Duncan,Conklin,dconklin6x@sourceforge.net,89,78 Sycamore Avenue,Hill,San Agustin,,88904,Philippines,true,10/27/2020,7/3/2021,8/28/2021,2/24/2021,9/4/2021,,
251,btrinkwon6y,GqaaQW7wRI,Bertrand,Trinkwon,btrinkwon6y@time.com,48,51570 Red Cloud Crossing,Junction,Viga,,66370,Philippines,true,4/12/2021,1/12/2021,11/22/2020,7/1/2021,8/5/2021,3,31
252,shamelyn6z,BG6CnScu,Suzie,Hamelyn,shamelyn6z@homestead.com,30,97537 Browning Court,Hill,Serra Talhada,,10588,Brazil,false,5/19/2021,11/29/2020,4/2/2021,7/21/2021,3/13/2021,,
253,mnapper70,8CHbHuRbl,Moyna,Napper,mnapper70@theglobeandmail.com,14,28825 Anthes Drive,Park,Kashira,,73062,Russia,false,6/12/2021,11/30/2020,2/20/2021,7/31/2021,9/18/2021,,
254,sschohier71,2q0yyL,Susanna,Schohier,sschohier71@storify.com,38,0675 Tennessee Hill,Park,Mesa,,85991,Indonesia,false,9/18/2021,6/5/2021,12/25/2020,6/26/2021,1/15/2021,,
255,xdugue72,5FqTWm7,Xylia,Dugue,xdugue72@economist.com,85,861 Mendota Pass,Point,Nový Knín,,96138,Czech Republic,false,11/4/2020,8/28/2021,10/6/2021,9/26/2021,6/12/2021,,
256,brawlence73,wndwCqXmp9L,Bari,Rawlence,brawlence73@t.co,4,1 Elka Crossing,Drive,Aného,,50930,Togo,false,12/1/2020,6/5/2021,6/24/2021,12/12/2020,1/6/2021,,
257,mord74,hZ7pmI3xqw,Marijo,Ord,mord74@google.com.br,92,22871 Sloan Center,Street,Shouxihu,,87745,China,false,11/21/2020,10/22/2020,5/21/2021,3/11/2021,5/12/2021,3,21
258,nbrackpool75,s3XNhv7OvtHa,Nina,Brackpool,nbrackpool75@ask.com,52,2220 3rd Court,Junction,Salamwates,,52323,Indonesia,true,8/28/2021,7/14/2021,3/18/2021,12/1/2020,11/27/2020,4,22
259,lgiamelli76,gKavveFdOSw,Loren,Giamelli,lgiamelli76@zimbio.com,27,32 Barby Circle,Point,Nueva Manoa,,31256,Bolivia,false,8/21/2021,3/31/2021,11/8/2020,7/20/2021,3/25/2021,,
260,maspey77,N8aLqAYdd,Mateo,Aspey,maspey77@diigo.com,83,7 Sommers Plaza,Lane,Longtan,,25556,China,true,8/10/2021,1/15/2021,10/7/2021,8/1/2021,2/23/2021,3,30
261,rvescovo78,qIp00Bvy5V,Rivalee,Vescovo,rvescovo78@zdnet.com,70,34140 Dovetail Street,Pass,Cibeusi,,41831,Indonesia,true,6/30/2021,3/19/2021,1/6/2021,12/12/2020,6/9/2021,6,26
262,jwhitsun79,xfOXOV3rQtrJ,Jacintha,Whitsun,jwhitsun79@alibaba.com,90,43679 International Plaza,Hill,Albina,,18488,Suriname,false,5/5/2021,2/2/2021,1/10/2021,5/17/2021,9/27/2021,,
263,pwhaites7a,OGKBaLY,Pauly,Whaites,pwhaites7a@bloglovin.com,73,2 Lillian Plaza,Hill,Alapayevsk,,10220,Russia,true,7/18/2021,11/13/2020,2/16/2021,1/12/2021,10/27/2020,,
264,agreensall7b,yCwFq0gG,Auria,Greensall,agreensall7b@nature.com,14,02605 Laurel Junction,Hill,Thị Trấn Mỹ Lộc,,47067,Vietnam,false,6/14/2021,2/18/2021,8/19/2021,1/28/2021,3/14/2021,6,23
265,dbinden7c,IEXCwId,Dredi,Binden,dbinden7c@epa.gov,57,2 New Castle Alley,Center,Kabor,,45472,Indonesia,true,8/1/2021,1/25/2021,3/15/2021,4/26/2021,10/9/2021,6,31
266,dacomb7d,pI7VaD62t0t1,Denys,Acomb,dacomb7d@nbcnews.com,32,5224 Sauthoff Avenue,Terrace,Kotuń,,20073,Poland,false,4/20/2021,9/23/2021,10/24/2020,12/26/2020,7/28/2021,5,33
267,slegion7e,NQQfPqOL,Sisely,Legion,slegion7e@studiopress.com,18,085 Westerfield Hill,Lane,Changliu,,78357,China,false,5/13/2021,11/21/2020,1/28/2021,10/27/2020,4/26/2021,,
268,mnacey7f,NFACukBIE,Maddi,Nacey,mnacey7f@gov.uk,39,31 Burrows Drive,Parkway,Dukhovnitskoye,,90607,Russia,true,5/18/2021,8/13/2021,4/6/2021,6/8/2021,4/25/2021,,
269,mdoohey7g,CPJ3AWgD6,Marieann,Doohey,mdoohey7g@globo.com,93,37 Katie Place,Parkway,Töysä,,60561,Finland,false,6/4/2021,6/19/2021,7/21/2021,4/3/2021,12/29/2020,6,25
270,solifard7h,ji8S2XnX4cys,Shandeigh,Olifard,solifard7h@house.gov,78,2 Kennedy Plaza,Drive,Valence,B9,80789,France,false,6/2/2021,12/8/2020,11/1/2020,3/6/2021,10/12/2021,6,38
271,mstutt7i,KFkeITOMRW,Magdalen,Stutt,mstutt7i@vkontakte.ru,50,4 Evergreen Road,Plaza,Jurm,,25544,Afghanistan,false,12/17/2020,5/30/2021,6/7/2021,12/21/2020,11/25/2020,,
272,amorstatt7j,svRuyS,Alex,Morstatt,amorstatt7j@jiathis.com,79,5 Loftsgordon Way,Park,Xinglong,,38614,China,true,1/25/2021,6/27/2021,4/1/2021,7/27/2021,8/4/2021,,
273,rwingatt7k,leM7EDU3,Ravi,Wingatt,rwingatt7k@bloglines.com,49,37 Shopko Road,Avenue,Beilun,,86392,China,true,1/3/2021,5/1/2021,10/27/2020,3/1/2021,6/20/2021,3,27
274,hpolfer7l,EOWCqI8Ca,Halley,Polfer,hpolfer7l@devhub.com,62,33860 Roth Pass,Point,Misau,,19598,Nigeria,true,6/23/2021,7/20/2021,7/17/2021,7/20/2021,4/11/2021,,
275,bwais7m,xnARvh0yH,Benedikt,Wais,bwais7m@taobao.com,93,9 Knutson Plaza,Drive,Gbawe,,17663,Ghana,true,8/6/2021,9/25/2021,3/20/2021,6/15/2021,2/8/2021,,
276,cwolvey7n,PGf8v61cj3UR,Celestina,Wolvey,cwolvey7n@domainmarket.com,50,74 Raven Center,Center,Vale Flores,11,19628,Portugal,true,11/23/2020,11/4/2020,5/11/2021,10/10/2021,9/18/2021,,
277,bharnell7o,QEq3qZ,Binky,Harnell,bharnell7o@flavors.me,80,15517 Florence Point,Avenue,Báguanos,,48417,Cuba,true,8/24/2021,7/20/2021,2/22/2021,10/11/2021,7/24/2021,7,23
278,gkedslie7p,N6wtl0n,Gwenny,Kedslie,gkedslie7p@addtoany.com,61,57 Springview Terrace,Parkway,Popil'nya,,49365,Ukraine,false,11/29/2020,4/11/2021,7/31/2021,4/30/2021,2/9/2021,4,37
279,tfairbrother7q,QmQcor,Tara,Fairbrother,tfairbrother7q@cbc.ca,10,0137 Thierer Pass,Street,Rumilly,B9,70751,France,false,2/4/2021,1/25/2021,5/10/2021,3/21/2021,7/26/2021,,
280,ddungay7r,haKz8hu,Desmond,Dungay,ddungay7r@jimdo.com,42,3 Iowa Way,Road,Kafr az Zayyāt,,22555,Egypt,true,7/31/2021,10/31/2020,9/23/2021,7/4/2021,4/24/2021,,
281,aevennett7s,QtbtcOOe,Ashien,Evennett,aevennett7s@seattletimes.com,26,5 Dwight Street,Place,Olyshivka,,38713,Ukraine,true,8/30/2021,10/21/2020,7/11/2021,12/14/2020,6/27/2021,,
282,ggrayley7t,vi7mhsyB,Gayel,Grayley,ggrayley7t@prweb.com,24,8897 Kipling Hill,Road,Jardim do Seridó,,10085,Brazil,false,7/20/2021,6/6/2021,9/19/2021,9/22/2021,2/17/2021,,
283,ddenington7u,bwZniP9X3wz,Dean,Denington,ddenington7u@google.com.au,52,39075 Burning Wood Parkway,Plaza,Ujung,,83262,Indonesia,true,12/25/2020,6/10/2021,2/15/2021,12/5/2020,9/15/2021,,
284,iyoodall7v,cKWHUohM3R,Isac,Yoodall,iyoodall7v@opera.com,94,20335 Basil Parkway,Center,Keruguya,,54805,Kenya,false,4/14/2021,4/27/2021,6/22/2021,4/10/2021,10/15/2021,,
285,pbilovsky7w,dEDgC3MfLDJ2,Patrizio,Bilovsky,pbilovsky7w@yelp.com,46,8403 Linden Junction,Alley,Neuss,NW,25318,Germany,false,12/1/2020,7/27/2021,8/20/2021,9/4/2021,5/16/2021,7,38
286,smeneghi7x,HGnRg26,Sydel,Meneghi,smeneghi7x@about.me,64,0943 John Wall Park,Circle,Świdwin,,61719,Poland,false,11/19/2020,8/8/2021,10/8/2021,2/25/2021,3/30/2021,,
287,dpetricek7y,3X5NlvT,Damita,Petricek,dpetricek7y@columbia.edu,81,836 Logan Road,Place,Bitaogan,,92552,Philippines,false,6/7/2021,7/29/2021,9/13/2021,2/15/2021,4/21/2021,,
288,ngraundisson7z,NuUHoM0d,Neils,Graundisson,ngraundisson7z@kickstarter.com,86,15 Laurel Crossing,Junction,Rucheng Chengguanzhen,,22337,China,true,12/21/2020,3/8/2021,7/31/2021,9/20/2021,8/16/2021,,
289,esoanes80,GGwet9VX1dp,Emerson,Soanes,esoanes80@over-blog.com,37,34 Buena Vista Center,Road,El Cerrito,,76094,Colombia,true,8/8/2021,7/22/2021,9/11/2021,2/23/2021,6/8/2021,6,30
290,shighnam81,Sy0VZqzl,Stirling,Highnam,shighnam81@so-net.ne.jp,76,45947 Mccormick Avenue,Lane,Jingchuan,,95583,China,false,6/17/2021,6/19/2021,1/14/2021,11/30/2020,4/8/2021,5,20
291,clarcier82,ZQ06Mvh8,Christen,Larcier,clarcier82@so-net.ne.jp,94,859 Leroy Court,Pass,Xinning,,16290,China,true,2/22/2021,4/2/2021,7/25/2021,1/18/2021,7/2/2021,,
292,danthoney83,PxtNbYFh,Deonne,Anthoney,danthoney83@imdb.com,53,49840 Schurz Parkway,Center,Ciburial,,38980,Indonesia,false,5/14/2021,6/25/2021,10/23/2020,5/13/2021,4/30/2021,3,36
293,lfoulds84,rbSR1u0,Letta,Foulds,lfoulds84@cocolog-nifty.com,30,0 Emmet Plaza,Street,Cidikit Girang,,51752,Indonesia,true,3/16/2021,3/3/2021,4/12/2021,7/2/2021,4/26/2021,,
294,rstrawbridge85,plJRDNhPD,Robbi,Strawbridge,rstrawbridge85@google.cn,6,376 Pepper Wood Center,Point,Hengzhou,,52783,China,true,1/16/2021,10/24/2020,12/14/2020,8/18/2021,4/5/2021,,
295,mheckner86,p7Sl16vYDz,Moina,Heckner,mheckner86@wunderground.com,31,9066 Eagan Plaza,Hill,Lugovskoy,,31768,Russia,false,3/4/2021,5/28/2021,1/2/2021,12/27/2020,4/27/2021,6,26
296,liwanowski87,LTpWXmxL,Lanni,Iwanowski,liwanowski87@indiegogo.com,87,54 Annamark Street,Court,Hengxianhe,,32291,China,false,8/7/2021,9/30/2021,10/7/2021,3/26/2021,9/5/2021,,
297,abugdale88,LNrJ8xPUluK,Alison,Bugdale,abugdale88@miitbeian.gov.cn,75,30250 Thackeray Avenue,Center,Pakxong,,77013,Laos,false,3/27/2021,10/26/2020,11/2/2020,3/30/2021,3/26/2021,,
298,fscrase89,MCMsFwb,Fania,Scrase,fscrase89@e-recht24.de,36,580 Haas Road,Street,Anjirmuara,,77498,Indonesia,false,6/14/2021,11/11/2020,9/4/2021,8/28/2021,7/26/2021,,
299,pcrack8a,bzgG4kvs,Pauly,Crack,pcrack8a@uol.com.br,21,16479 Farragut Avenue,Road,Novobeysugskaya,,66770,Russia,true,5/24/2021,4/25/2021,4/11/2021,4/13/2021,1/4/2021,7,32
300,hlesaunier8b,FumUm9MK0cV,Harris,Lesaunier,hlesaunier8b@dailymotion.com,37,0 Magdeline Point,Junction,Victoria,,15092,El Salvador,true,5/22/2021,2/5/2021,3/18/2021,1/18/2021,11/13/2020,4,38
301,dsammes8c,0ciAD3,Dilly,Sammes,dsammes8c@baidu.com,27,6 Delladonna Street,Court,Caozhen,,42901,China,true,4/8/2021,2/22/2021,10/13/2021,8/12/2021,7/12/2021,4,24
302,fcreffeild8d,cITPKtb5Umd,Forest,Creffeild,fcreffeild8d@boston.com,10,78 Memorial Crossing,Center,Huskvarna,F,74774,Sweden,false,10/29/2020,10/10/2021,5/29/2021,2/4/2021,4/22/2021,4,37
303,tpostill8e,tx0irsZ6bN5W,Taddeo,Postill,tpostill8e@foxnews.com,18,20348 Valley Edge Street,Junction,Łobez,,24828,Poland,false,8/9/2021,10/8/2021,9/3/2021,7/29/2021,10/5/2021,6,34
304,gmatisoff8f,PL61gKeN,Garner,Matisoff,gmatisoff8f@soup.io,50,77 Green Ridge Avenue,Road,Gaotieling,,19148,China,true,8/13/2021,6/26/2021,5/25/2021,7/1/2021,11/19/2020,,
305,ioliveras8g,U4oJ313nbAJ4,Isabelita,Oliveras,ioliveras8g@sohu.com,34,011 Schlimgen Crossing,Drive,Ningchegu,,22867,China,false,12/12/2020,8/27/2021,9/11/2021,5/16/2021,7/25/2021,5,22
306,sscholte8h,0VmfYfAaM,Shandra,Scholte,sscholte8h@wordpress.com,98,143 Tennessee Place,Street,Kotlyarevskaya,,64620,Russia,false,8/13/2021,4/13/2021,12/19/2020,3/21/2021,12/24/2020,4,20
307,ktuminelli8i,Lh7yUEygaS,Korrie,Tuminelli,ktuminelli8i@tumblr.com,14,35 Melody Plaza,Lane,København,1084,89339,Denmark,false,11/24/2020,7/12/2021,4/2/2021,11/6/2020,6/13/2021,,
308,eingilson8j,D6LldNeMTWb,Ernesto,Ingilson,eingilson8j@unblog.fr,43,16 Kensington Place,Center,Tolstoy-Yurt,,23694,Russia,true,1/26/2021,5/16/2021,5/5/2021,10/3/2021,1/11/2021,,
309,kfrangione8k,IVzoB6,Kellby,Frangione,kfrangione8k@disqus.com,79,665 Chinook Junction,Point,Kragan,,83517,Indonesia,true,9/20/2021,10/6/2021,1/25/2021,1/17/2021,4/30/2021,,
310,aboxell8l,yppUZhc3cW,Alberik,Boxell,aboxell8l@mtv.com,41,92 Fairfield Place,Park,As Sūsah,,17598,Syria,true,11/24/2020,10/21/2020,11/6/2020,5/22/2021,7/24/2021,4,28
311,rcoughtrey8m,kATPsyzq8UIo,Rania,Coughtrey,rcoughtrey8m@pinterest.com,29,67345 Fuller Street,Court,Las Mesas,,16426,Venezuela,false,5/19/2021,3/17/2021,12/10/2020,5/12/2021,5/5/2021,3,20
312,jbyfford8n,kU7JvlKf,Jeni,Byfford,jbyfford8n@behance.net,84,67 Lindbergh Court,Point,Riga,,54437,Latvia,true,3/13/2021,6/28/2021,2/27/2021,1/29/2021,11/8/2020,3,30
313,fcovolini8o,TFlGAuq,Farlie,Covolini,fcovolini8o@naver.com,90,579 Springs Park,Junction,Delmiro Gouveia,,57424,Brazil,false,2/11/2021,4/15/2021,9/7/2021,3/27/2021,7/30/2021,7,34
314,ngabbatt8p,QHeRd9,Nikos,Gabbatt,ngabbatt8p@elegantthemes.com,36,3 Comanche Place,Drive,Lipnica,,13041,Poland,false,11/30/2020,8/5/2021,6/6/2021,1/20/2021,5/23/2021,6,23
315,erickett8q,4VuX5D6oa5,Earle,Rickett,erickett8q@mac.com,8,8337 Hintze Center,Trail,Sumbergayam,,57162,Indonesia,true,9/25/2021,1/23/2021,5/12/2021,2/27/2021,7/1/2021,,
316,jruppeli8r,r6Ih2xBN2Ko,Jamill,Ruppeli,jruppeli8r@vimeo.com,44,3 Leroy Plaza,Alley,Pontarlier,A6,92850,France,false,6/17/2021,9/18/2021,10/6/2021,5/25/2021,6/5/2021,6,20
317,lcobleigh8s,07iAN1akj,Lanie,Cobleigh,lcobleigh8s@go.com,51,91 Ridgeway Plaza,Pass,Sintung Timur,,11782,Indonesia,false,3/15/2021,12/21/2020,12/28/2020,11/7/2020,10/20/2020,,
318,wschechter8t,hWDrXgp9Z,Walther,Schechter,wschechter8t@squarespace.com,9,9165 Kedzie Center,Point,Liucun,,86543,China,false,8/4/2021,4/22/2021,6/5/2021,8/19/2021,4/23/2021,7,23
319,jbailes8u,mBIhSgONRBp,Joachim,Bailes,jbailes8u@over-blog.com,83,9 Manley Place,Point,Yanino Vtoroye,,23802,Russia,true,4/10/2021,2/25/2021,11/25/2020,1/22/2021,11/8/2020,,
320,bpennini8v,AZNkxSiq2,Brook,Pennini,bpennini8v@linkedin.com,38,002 Dixon Street,Way,Eshan,,25593,China,true,11/18/2020,8/13/2021,8/31/2021,1/25/2021,12/25/2020,,
321,pdevil8w,iICNMW7rZ,Peder,Devil,pdevil8w@oracle.com,5,2228 Dawn Street,Alley,Jianshan,,69338,China,true,1/31/2021,9/18/2021,9/28/2021,5/26/2021,3/6/2021,,
322,jtuffley8x,YaZ4kIHqkbjz,Jodee,Tuffley,jtuffley8x@fastcompany.com,91,14137 Canary Parkway,Hill,Kholmsk,,35653,Russia,false,6/12/2021,12/30/2020,11/5/2020,2/24/2021,1/16/2021,3,32
323,sacland8y,pfxGj7K,Shepperd,Acland,sacland8y@seesaa.net,30,45750 Rutledge Way,Center,Rosario del Ingre,,84191,Bolivia,false,2/5/2021,2/13/2021,6/14/2021,10/14/2021,4/22/2021,7,36
324,hhacking8z,dHral2GiG,Hilliard,Hacking,hhacking8z@examiner.com,43,31 Melrose Plaza,Hill,Dayapan,,44414,Philippines,true,3/14/2021,4/19/2021,4/25/2021,1/9/2021,10/15/2021,,
325,dfeeley90,eLgFkeUStWq,Deanne,Feeley,dfeeley90@acquirethisname.com,9,100 Saint Paul Street,Place,Usukhchay,,97204,Russia,true,12/21/2020,6/3/2021,5/13/2021,6/12/2021,2/13/2021,3,34
326,lvosper91,UKAqIcn1M,Lisabeth,Vosper,lvosper91@arstechnica.com,90,5 La Follette Hill,Park,Sakura,,39592,Japan,false,5/18/2021,8/20/2021,9/16/2021,7/10/2021,3/13/2021,,
327,ebolesworth92,5ZGN2Eq,Eddie,Bolesworth,ebolesworth92@elegantthemes.com,31,3992 John Wall Road,Plaza,Kil,S,19042,Sweden,true,8/20/2021,3/1/2021,1/23/2021,5/25/2021,5/29/2021,,
328,lhauch93,OKZZwBNphCd,Laura,Hauch,lhauch93@geocities.com,45,5712 Harper Street,Court,Syevyerodonets’k,,28144,Ukraine,false,7/25/2021,6/15/2021,4/28/2021,10/1/2021,2/20/2021,,
329,dmacgruer94,SBtN5NVqGmZb,Deva,MacGruer,dmacgruer94@cloudflare.com,85,26954 Quincy Drive,Court,Mangxing,,99387,China,true,9/11/2021,8/6/2021,7/2/2021,3/9/2021,8/23/2021,6,23
330,dveltmann95,T5Rg0R0jb,Davis,Veltmann,dveltmann95@bloglines.com,92,7 Calypso Terrace,Alley,Lavrica,,53312,Slovenia,true,6/5/2021,1/28/2021,11/18/2020,5/2/2021,4/12/2021,,
331,nbrailsford96,L1djxTL,Nathaniel,Brailsford,nbrailsford96@dion.ne.jp,29,151 Annamark Park,Alley,Falënki,,88607,Russia,true,7/28/2021,10/14/2021,6/30/2021,12/12/2020,9/23/2021,,
332,dwoolard97,zFmfjPVXqj9,Dredi,Woolard,dwoolard97@howstuffworks.com,97,44190 Delaware Avenue,Alley,Puamata,,80902,Indonesia,false,10/28/2020,2/4/2021,8/10/2021,2/6/2021,12/31/2020,,
333,sbrownhill98,AKDxrOy,Sophia,Brownhill,sbrownhill98@disqus.com,60,32 Lake View Parkway,Avenue,Pasar,,61333,Indonesia,false,12/22/2020,7/4/2021,4/22/2021,11/18/2020,3/2/2021,7,35
334,rcham99,8EmnsH,Redd,Cham,rcham99@constantcontact.com,9,2720 Prairie Rose Crossing,Terrace,Camindangan,,97023,Philippines,false,8/12/2021,5/21/2021,8/14/2021,10/20/2020,8/26/2021,5,22
335,rchiechio9a,z39wwcIu2yJz,Reynold,Chiechio,rchiechio9a@rambler.ru,45,5005 Mayer Road,Way,An Lão,,39306,Vietnam,true,6/4/2021,5/30/2021,4/28/2021,3/22/2021,5/3/2021,,
336,hcarver9b,cP9CMrGHy0,Hayes,Carver,hcarver9b@exblog.jp,12,49 Rigney Road,Alley,Itambé,,63418,Brazil,true,1/13/2021,12/14/2020,4/10/2021,12/25/2020,10/4/2021,3,30
337,breiner9c,XbXDRBeYl,Benn,Reiner,breiner9c@cloudflare.com,48,27 Northwestern Court,Alley,Saryg-Sep,,42891,Russia,false,10/12/2021,12/10/2020,11/21/2020,1/24/2021,4/24/2021,6,38
338,pclemmensen9d,8A6KzUYHuWqE,Papageno,Clemmensen,pclemmensen9d@apache.org,45,1222 Nancy Crossing,Crossing,Padasuka,,71187,Indonesia,false,11/7/2020,8/21/2021,11/8/2020,1/3/2021,6/23/2021,,
339,ctuer9e,tkXQQLRGvN,Chelsae,Tuer,ctuer9e@japanpost.jp,33,9 Mesta Center,Park,San Martín,,70899,Colombia,true,4/18/2021,11/2/2020,7/18/2021,8/3/2021,6/6/2021,7,34
340,bcursons9f,t9rtstIZht,Britt,Cursons,bcursons9f@forbes.com,42,7668 5th Street,Junction,Sambava,,52509,Madagascar,true,9/1/2021,5/20/2021,9/1/2021,8/1/2021,12/21/2020,,
341,gforcade9g,TskXU0S6ev,George,Forcade,gforcade9g@imdb.com,73,494 1st Junction,Way,Trakan Phut Phon,,98448,Thailand,false,2/24/2021,11/6/2020,11/22/2020,4/4/2021,1/14/2021,,
342,elawrance9h,sVezDy5OBPAU,Elbertine,Lawrance,elawrance9h@hubpages.com,34,0 Ridgeway Avenue,Avenue,Topolovgrad,,81694,Bulgaria,true,5/17/2021,10/5/2021,1/14/2021,1/30/2021,11/24/2020,4,35
343,wmantripp9i,b9ZN699FfE2,Wendie,Mantripp,wmantripp9i@macromedia.com,10,48432 Bluejay Center,Point,Kebonan,,53936,Indonesia,false,2/9/2021,1/14/2021,7/21/2021,1/10/2021,7/11/2021,,
344,wmellonby9j,1FLXcnv,Webster,Mellonby,wmellonby9j@fastcompany.com,3,2 Corben Trail,Park,Ntaur Satu,,19305,Indonesia,false,6/30/2021,10/31/2020,4/14/2021,7/27/2021,1/22/2021,7,28
345,eitzkov9k,LbrXVlo0,Estell,Itzkov,eitzkov9k@jugem.jp,4,5419 Texas Avenue,Parkway,El Pao,,12212,Venezuela,false,5/9/2021,4/9/2021,2/6/2021,7/2/2021,1/6/2021,4,20
346,rbeardwood9l,kKlm0e,Reyna,Beardwood,rbeardwood9l@wufoo.com,12,927 Loomis Street,Avenue,Niš,,93470,Serbia,false,5/2/2021,7/25/2021,7/22/2021,1/28/2021,4/12/2021,,
347,ceyckel9m,qrRUIsoi,Charlotte,Eyckel,ceyckel9m@plala.or.jp,33,93967 Morning Point,Pass,Mont-Saint-Hilaire,QC,67332,Canada,true,10/10/2021,5/22/2021,5/10/2021,7/16/2021,2/9/2021,,
348,mmash9n,txXx0a,Mercie,Mash,mmash9n@360.cn,92,17 Arizona Center,Park,Taihua,,46539,China,true,11/28/2020,9/17/2021,9/27/2021,12/2/2020,12/25/2020,,
349,esouza9o,UsFC7m,Elroy,Souza,esouza9o@huffingtonpost.com,51,26598 Pond Park,Court,Kilifi,,40908,Kenya,false,2/13/2021,10/15/2021,5/21/2021,9/25/2021,11/27/2020,3,25
350,sbrayson9p,52NuCtcFGr7J,Sophey,Brayson,sbrayson9p@soup.io,12,41 Mockingbird Junction,Pass,Kiruna,BD,97846,Sweden,true,10/1/2021,12/9/2020,3/19/2021,10/29/2020,7/7/2021,4,23
351,kcawker9q,BQQPoIrYSR,Kristal,Cawker,kcawker9q@alexa.com,13,2599 Namekagon Place,Road,Batanovtsi,,46371,Bulgaria,false,3/27/2021,9/17/2021,8/2/2021,8/25/2021,2/21/2021,5,31
352,ahandy9r,2HLNOYV,Angel,Handy,ahandy9r@comsenz.com,79,3952 Summit Lane,Place,El Playón,,42670,Colombia,false,10/26/2020,4/19/2021,1/27/2021,7/11/2021,7/18/2021,,
353,fputtnam9s,QxVi5oEj,Franni,Puttnam,fputtnam9s@cmu.edu,16,9261 Elka Circle,Court,Sośno,,87991,Poland,true,2/11/2021,4/21/2021,5/3/2021,7/4/2021,9/16/2021,7,37
354,jdehooge9t,6j1EN71R,Jarib,De Hooge,jdehooge9t@opensource.org,62,7005 Pearson Street,Center,Khānaqāh,,48225,Afghanistan,true,1/31/2021,9/9/2021,8/14/2021,2/16/2021,11/14/2020,,
355,jarro9u,l7rSX1FQfZV,Johnnie,Arro,jarro9u@naver.com,89,21912 Elmside Hill,Place,Arthur’s Town,,25484,Bahamas,false,9/29/2021,9/22/2021,6/1/2021,5/17/2021,1/27/2021,6,27
356,jowtram9v,WPkBqK,Jefferey,Owtram,jowtram9v@yahoo.com,20,3909 Manufacturers Way,Trail,Tanggung,,42013,Indonesia,true,6/8/2021,10/14/2021,4/12/2021,6/21/2021,7/15/2021,3,25
357,ndadd9w,kt0rcA8C,Nolly,Dadd,ndadd9w@sitemeter.com,52,59454 Pierstorff Trail,Avenue,Ketapang,,96486,Indonesia,false,2/4/2021,6/1/2021,7/16/2021,1/2/2021,9/12/2021,,
358,fgarley9x,MU4kx3WJ,Flemming,Garley,fgarley9x@homestead.com,96,2 Gateway Trail,Avenue,Pitangui,,77707,Brazil,true,1/18/2021,1/14/2021,4/15/2021,1/24/2021,3/16/2021,,
359,jkift9y,tTV6Ib2QJT,Jessica,Kift,jkift9y@businessinsider.com,10,419 Golf Course Park,Place,Dumaguete,,60454,Philippines,false,10/24/2020,7/2/2021,7/26/2021,12/18/2020,6/24/2021,3,34
360,mkime9z,64dSxVZu,Melva,Kime,mkime9z@odnoklassniki.ru,58,392 Melody Court,Hill,El Puente,,12739,Honduras,false,7/14/2021,4/22/2021,6/19/2021,1/30/2021,6/13/2021,3,30
361,dcorsellesa0,a3PVSMt8,Donall,Corselles,dcorsellesa0@parallels.com,22,1213 Westridge Lane,Court,Bajo Pichanaqui,,27017,Peru,true,9/10/2021,12/28/2020,3/7/2021,4/27/2021,7/24/2021,,
362,tburnharda1,Z3O5MaxsetdF,Thorsten,Burnhard,tburnharda1@nsw.gov.au,59,66 Ronald Regan Trail,Avenue,Krajan Ngerdani,,51504,Indonesia,true,10/18/2021,9/8/2021,12/22/2020,2/17/2021,4/1/2021,4,35
363,tszymanowskia2,87n9Uwgjl1,Taber,Szymanowski,tszymanowskia2@sun.com,14,8 Waxwing Circle,Junction,Františkovy Lázně,,57562,Czech Republic,true,2/3/2021,7/31/2021,2/15/2021,5/12/2021,5/3/2021,3,36
364,spima3,5z2bzZmitk,Simon,Pim,spima3@umich.edu,69,50 Barnett Crossing,Way,Río Grande,,81784,Peru,false,5/4/2021,7/21/2021,4/5/2021,6/8/2021,1/18/2021,,
365,ltwitchinga4,hWMUg3tPw,Leona,Twitching,ltwitchinga4@istockphoto.com,12,9 Boyd Center,Junction,Slavgorod,,37052,Russia,false,3/4/2021,7/10/2021,12/31/2020,2/7/2021,2/17/2021,,
366,wsmithiesa5,FG0l51iISnG,Willey,Smithies,wsmithiesa5@de.vu,77,54 Kennedy Terrace,Pass,Heku,,79150,China,true,1/6/2021,9/17/2021,3/24/2021,4/6/2021,4/7/2021,,
367,mkilsbya6,FOoeUaCioWD,Meagan,Kilsby,mkilsbya6@spotify.com,10,55 Leroy Road,Road,Chikushino-shi,,15953,Japan,true,9/4/2021,10/28/2020,5/25/2021,2/7/2021,4/17/2021,,
368,pcantophera7,UbpGqjMFqL,Pall,Cantopher,pcantophera7@sciencedirect.com,35,7174 Buena Vista Alley,Trail,Babakantugu,,44310,Indonesia,false,11/16/2020,3/9/2021,2/12/2021,12/5/2020,9/26/2021,4,27
369,imargerya8,45spuriOxkf,Ingeborg,Margery,imargerya8@lycos.com,74,461 Waubesa Parkway,Drive,Assiniboia,SK,22872,Canada,false,1/12/2021,1/11/2021,12/10/2020,6/19/2021,1/9/2021,,
370,lcurthoysa9,bnVGlQWexZ,Leilah,Curthoys,lcurthoysa9@independent.co.uk,1,351 Pierstorff Terrace,Park,Nara,,96122,Mali,true,11/9/2020,5/4/2021,9/17/2021,12/17/2020,9/21/2021,,
371,knutteyaa,EIGuYKJskFa,Kit,Nuttey,knutteyaa@house.gov,6,2 8th Point,Street,Singapore,,97426,Singapore,true,8/14/2021,5/1/2021,10/30/2020,5/2/2021,10/24/2020,,
372,lphalipab,WSd8Gvs,Linoel,Phalip,lphalipab@github.com,53,918 Merchant Drive,Terrace,Johor Bahru,JHR,62331,Malaysia,false,7/17/2021,3/28/2021,1/2/2021,12/15/2020,5/8/2021,5,26
373,werbeac,69oyyGKQ8LQ1,Winifield,Erbe,werbeac@abc.net.au,59,66 Basil Place,Pass,Xiashe,,46718,China,true,5/11/2021,10/14/2021,6/10/2021,7/2/2021,2/12/2021,3,23
374,cskillittad,Td5zBzo,Coraline,Skillitt,cskillittad@netscape.com,60,506 North Center,Junction,Giade,,70354,Nigeria,true,4/11/2021,4/2/2021,1/1/2021,4/30/2021,12/15/2020,7,34
375,dphinnae,tpFsiidx,Darwin,Phinn,dphinnae@google.nl,31,822 Vahlen Alley,Drive,Ainaro,,47023,East Timor,true,12/23/2020,10/7/2021,8/15/2021,11/1/2020,1/25/2021,,
376,croafaf,bR2wLzMDch,Cammie,Roaf,croafaf@washingtonpost.com,38,69081 Springs Trail,Center,Shanhou,,22257,China,false,2/23/2021,10/3/2021,11/10/2020,5/3/2021,4/1/2021,,
377,pcolliardag,xuZRn9,Pennie,Colliard,pcolliardag@nyu.edu,12,715 Glacier Hill Lane,Parkway,Sanchang,,53001,China,true,2/20/2021,2/1/2021,1/31/2021,6/25/2021,8/14/2021,7,22
378,mpomeryah,7ThXb1b,Mariejeanne,Pomery,mpomeryah@cnn.com,38,41 Spohn Way,Trail,Eloúnda,,61750,Greece,false,6/29/2021,4/26/2021,11/10/2020,9/22/2021,4/24/2021,,
379,mclayfieldai,Hfizc5mI8V,Marlee,Clayfield,mclayfieldai@senate.gov,7,65255 Randy Place,Circle,Dushanbe,,86985,Tajikistan,true,8/17/2021,11/11/2020,7/2/2021,9/9/2021,4/18/2021,7,30
380,jegliseaj,EFfrsv5c1lW,Jozef,Eglise,jegliseaj@cyberchimps.com,5,2 Sutherland Trail,Lane,Maodao,,37086,China,false,8/19/2021,10/13/2021,5/15/2021,6/17/2021,9/1/2021,5,25
381,mscreenak,ke1XdFlZS,Meade,Screen,mscreenak@youku.com,15,30 Commercial Trail,Road,Mazeikiai,,21090,Lithuania,true,7/25/2021,9/6/2021,2/18/2021,7/20/2021,4/27/2021,4,26
382,bboweringal,4YT0C1Z,Beauregard,Bowering,bboweringal@yelp.com,83,99 Southridge Drive,Terrace,Santa Eulalia,,28580,Peru,true,1/16/2021,3/21/2021,4/19/2021,8/1/2021,1/7/2021,,
383,mtomaszkiewiczam,DdRJFukct3,Marjie,Tomaszkiewicz,mtomaszkiewiczam@hexun.com,23,0 North Alley,Circle,Liucheng,,35347,China,false,5/18/2021,7/13/2021,1/11/2021,8/31/2021,11/17/2020,,
384,dandrzejczakan,A9J35NDOrFb,Darcy,Andrzejczak,dandrzejczakan@zdnet.com,31,28979 Carberry Point,Park,Guli,,95338,China,false,9/26/2021,1/13/2021,1/29/2021,3/7/2021,6/7/2021,,
385,msmithermanao,tH0W0KfI,Morey,Smitherman,msmithermanao@wisc.edu,90,32 Leroy Drive,Trail,Leskovac,,50872,Serbia,true,5/13/2021,9/23/2021,12/5/2020,5/22/2021,10/2/2021,4,24
386,zbonifaceap,ty76sQ,Zechariah,Boniface,zbonifaceap@ibm.com,77,7 Killdeer Terrace,Trail,Cinyumput,,19208,Indonesia,true,2/14/2021,8/7/2021,5/21/2021,2/18/2021,6/23/2021,,
387,mclemenzaaq,feizBEBxsO,Meggi,Clemenza,mclemenzaaq@engadget.com,23,8049 Michigan Terrace,Junction,Minien East,,94164,Philippines,false,12/23/2020,3/1/2021,7/1/2021,2/3/2021,5/17/2021,,
388,rbeinckenar,chGWj3,Ross,Beincken,rbeinckenar@comsenz.com,48,2 Rieder Point,Parkway,Jalalaqsi,,86520,Somalia,true,12/25/2020,9/11/2021,9/11/2021,2/16/2021,2/2/2021,,
389,ysangwinas,Y0eRAcERmz7T,Yvette,Sangwin,ysangwinas@reddit.com,45,33 Huxley Drive,Terrace,Oumiao,,10484,China,false,6/14/2021,7/12/2021,4/10/2021,10/2/2021,8/23/2021,,
390,cquinnellyat,O6kWVC5YPL,Cate,Quinnelly,cquinnellyat@barnesandnoble.com,24,96098 Mifflin Plaza,Plaza,Blois,A3,28594,France,true,11/3/2020,2/3/2021,6/22/2021,11/7/2020,9/30/2021,,
391,slanphereau,MAnfSZpc1,Sawyer,Lanphere,slanphereau@chronoengine.com,53,45102 Toban Street,Street,Sharga,,65820,Mongolia,false,10/27/2020,12/13/2020,12/24/2020,10/16/2021,11/26/2020,,
392,bwyantav,kWqLa0OWd7sp,Brewer,Wyant,bwyantav@reverbnation.com,92,9 Messerschmidt Trail,Place,Saint Catherine,,88384,Egypt,true,12/20/2020,9/21/2021,6/23/2021,4/19/2021,10/28/2020,,
393,jmckmurrieaw,FfbhTOgQ,Janot,McKmurrie,jmckmurrieaw@google.cn,30,85 Harbort Alley,Avenue,Njeru,,50668,Uganda,true,1/9/2021,1/26/2021,5/31/2021,2/12/2021,2/14/2021,,
394,cmackaileax,lmDOWTBd,Charmian,MacKaile,cmackaileax@webeden.co.uk,35,53278 Bartillon Crossing,Point,Néa Karváli,,16665,Greece,false,7/8/2021,8/20/2021,5/6/2021,6/20/2021,5/8/2021,3,29
395,jcockremay,1oILsbgt,Jacquelyn,Cockrem,jcockremay@state.tx.us,100,8 Heath Center,Trail,Moca,,29899,Dominican Republic,false,9/20/2021,1/12/2021,10/31/2020,11/30/2020,7/28/2021,5,40
396,laasafaz,tVZ0h7Ns9,Leoine,Aasaf,laasafaz@ning.com,83,4666 3rd Crossing,Park,Mulyosari,,84062,Indonesia,false,6/19/2021,1/31/2021,5/18/2021,10/23/2020,7/5/2021,,
397,rovillb0,zDtxqLX,Rene,Ovill,rovillb0@bluehost.com,21,657 Hoepker Circle,Street,Kipit,,18201,Philippines,false,1/29/2021,7/10/2021,8/30/2021,7/22/2021,2/3/2021,,
398,hjouhanb1,UwvH6guLlcPR,Haywood,Jouhan,hjouhanb1@springer.com,16,3630 Hollow Ridge Avenue,Road,Huohua,,49710,China,true,1/8/2021,7/3/2021,3/28/2021,4/10/2021,4/3/2021,5,30
399,aclapstonb2,BI2DwViRim,Anica,Clapston,aclapstonb2@google.ca,95,46 Loomis Parkway,Crossing,Stuttgart,BW,85542,Germany,true,7/3/2021,9/22/2021,5/4/2021,6/3/2021,10/6/2021,4,29
400,ehedonb3,DVxWMTdNIK,Etti,Hedon,ehedonb3@usnews.com,89,33 Golf Course Place,Hill,Mashi,,32741,China,true,3/21/2021,9/26/2021,6/30/2021,8/28/2021,12/21/2020,,
401,ysimcob4,N7UHBAT4HE2,Yardley,Simco,ysimcob4@sitemeter.com,7,1175 Elka Way,Point,Gondang,,41005,Indonesia,false,12/29/2020,2/12/2021,8/10/2021,10/29/2020,3/22/2021,,
402,rvanstoneb5,kRnjVR,Reinhard,Vanstone,rvanstoneb5@etsy.com,47,9 Forest Run Plaza,Drive,Belle-Anse,,52377,Haiti,true,7/31/2021,2/1/2021,8/4/2021,12/9/2020,9/25/2021,3,32
403,tgoulyb6,tgB2x5,Theodore,Gouly,tgoulyb6@wordpress.org,72,7 Village Green Place,Street,Tomakivka,,53377,Ukraine,true,12/29/2020,1/19/2021,12/26/2020,4/15/2021,4/16/2021,,
404,slattimerb7,zcCCZ7Gr8,Sebastien,Lattimer,slattimerb7@nifty.com,24,6807 Sauthoff Place,Trail,Dungloe,,64953,Ireland,false,4/25/2021,3/19/2021,12/29/2020,6/30/2021,11/6/2020,7,40
405,wstokeb8,d7pVxDRK7bxJ,Winthrop,Stoke,wstokeb8@buzzfeed.com,63,0833 Spaight Place,Road,Mayang,,10817,China,false,2/1/2021,4/17/2021,4/30/2021,11/8/2020,7/23/2021,,
406,gdinniesb9,32FaCRjJg,Garrek,Dinnies,gdinniesb9@godaddy.com,87,19499 Debs Circle,Terrace,Puck,,30309,Poland,true,11/27/2020,2/15/2021,10/15/2021,1/6/2021,2/13/2021,,
407,mkenchba,YOdl0m1,Manny,Kench,mkenchba@tamu.edu,37,9 Badeau Street,Way,Vale de Touros,15,90196,Portugal,true,11/1/2020,12/18/2020,9/23/2021,2/15/2021,12/5/2020,,
408,adevinnbb,OUF6CHXY,Abbe,Devinn,adevinnbb@psu.edu,47,467 Katie Alley,Street,Riyom,,14542,Nigeria,true,1/21/2021,6/3/2021,11/14/2020,4/26/2021,3/1/2021,,
409,htownrowbc,Bw8BAP2mOJIu,Horacio,Townrow,htownrowbc@google.pl,29,30632 Monica Drive,Trail,Huitong,,71260,China,false,11/2/2020,10/16/2021,5/26/2021,8/25/2021,6/22/2021,,
410,lloghanbd,msUoAzUH0,Lind,Loghan,lloghanbd@networkadvertising.org,70,2022 Stang Terrace,Crossing,Walakeri,,58554,Indonesia,false,8/28/2021,5/6/2021,6/20/2021,8/6/2021,12/29/2020,5,36
411,clovemanbe,bRmv8T,Calhoun,Loveman,clovemanbe@mashable.com,84,07553 Victoria Park,Park,Richmond,QC,90466,Canada,true,1/11/2021,7/4/2021,5/24/2021,7/21/2021,6/21/2021,,
412,bvearnalsbf,w0UiOTkBTw,Bondon,Vearnals,bvearnalsbf@google.fr,82,73 Merrick Trail,Circle,Álli Meriá,,94787,Greece,false,7/15/2021,10/13/2021,6/30/2021,11/25/2020,4/12/2021,5,31
413,dhixleybg,wmKeHtO8OO,Dorry,Hixley,dhixleybg@wired.com,38,828 Amoth Terrace,Circle,Kambove,,71550,Democratic Republic of the Congo,true,1/26/2021,8/5/2021,1/4/2021,5/19/2021,5/2/2021,,
414,cimlochbh,HuW8W9Z,Curt,Imloch,cimlochbh@arstechnica.com,9,68334 Schlimgen Hill,Center,Talisay,,30119,Philippines,false,1/24/2021,2/8/2021,2/2/2021,2/4/2021,11/11/2020,4,36
415,bgeffcockbi,7QthFj,Briggs,Geffcock,bgeffcockbi@github.io,58,0590 Utah Crossing,Court,Cabannungan Second,,86804,Philippines,true,12/21/2020,11/8/2020,6/25/2021,3/31/2021,4/11/2021,4,33
416,adurtnellbj,UT47ExwdCRX8,Adan,Durtnell,adurtnellbj@wikia.com,18,14 Reinke Lane,Terrace,Wonorejo,,19244,Indonesia,true,3/2/2021,11/23/2020,6/24/2021,11/12/2020,12/26/2020,5,26
417,srosanderbk,h04UUWE093u,Stirling,Rosander,srosanderbk@house.gov,83,33180 Cardinal Drive,Drive,Tonggoh,,44178,Indonesia,false,5/8/2021,10/25/2020,6/9/2021,12/16/2020,5/5/2021,,
418,lcrocroftbl,M4MNn2iAq0,Lenore,Crocroft,lcrocroftbl@de.vu,4,4 Fairfield Drive,Terrace,Ouahigouya,,73466,Burkina Faso,true,2/23/2021,4/19/2021,5/6/2021,7/20/2021,1/30/2021,,
419,fdarrellbm,YWfNoMMyFoNL,Florette,Darrell,fdarrellbm@intel.com,13,2 Twin Pines Trail,Parkway,Gracias,,38526,Honduras,false,3/17/2021,11/15/2020,1/20/2021,4/14/2021,6/20/2021,3,33
420,criccellibn,Efixgjn,Carroll,Riccelli,criccellibn@woothemes.com,94,4 Morrow Lane,Junction,Sundbyberg,AB,27945,Sweden,false,8/19/2021,2/5/2021,5/19/2021,12/26/2020,2/17/2021,6,32
421,celldredbo,aJ4t3M,Cletus,Elldred,celldredbo@oracle.com,62,1661 Beilfuss Crossing,Circle,Santa Cruz De Tenerife,CN,63561,Spain,false,1/31/2021,1/6/2021,11/19/2020,5/25/2021,10/21/2020,,
422,krizzardinibp,Pj4wPk,Kirstyn,Rizzardini,krizzardinibp@infoseek.co.jp,92,6 Anderson Court,Drive,Paris 19,A8,10395,France,true,10/9/2021,8/9/2021,5/4/2021,4/15/2021,3/13/2021,6,20
423,pellsbq,Sgqtm73CHU,Phyllis,Ells,pellsbq@auda.org.au,62,70690 Westend Parkway,Terrace,Bazar-Korgon,,90338,Kyrgyzstan,false,2/8/2021,12/14/2020,11/2/2020,4/11/2021,5/6/2021,6,37
424,abramhambr,E6OLWQUCen7K,Antoinette,Bramham,abramhambr@ehow.com,26,45814 Ryan Place,Parkway,Paris 09,A8,88034,France,true,12/23/2020,6/26/2021,8/5/2021,12/19/2020,3/7/2021,,
425,jkingerbybs,0F5C9M,Johannes,Kingerby,jkingerbybs@stumbleupon.com,95,02 Stephen Circle,Crossing,Crumlin,,52904,Ireland,false,11/26/2020,1/13/2021,4/5/2021,2/22/2021,12/9/2020,4,20
426,jtebbebt,OWkDVqZRyCu,Janetta,Tebbe,jtebbebt@youtu.be,21,431 Jenifer Street,Junction,Naji,,85240,China,false,3/2/2021,1/18/2021,9/26/2021,10/30/2020,5/25/2021,,
427,wdunsmuirbu,dEjVL3R,Warden,Dunsmuir,wdunsmuirbu@icio.us,74,4 Northridge Point,Center,Tabuc Pontevedra,,83345,Philippines,false,1/30/2021,10/30/2020,1/23/2021,7/1/2021,3/2/2021,4,37
428,akantorbv,tTC9HYaNC,Alejandro,Kantor,akantorbv@washingtonpost.com,64,965 Carioca Park,Parkway,Peñaflor,,54748,Chile,true,3/14/2021,2/14/2021,9/19/2021,12/23/2020,1/14/2021,,
429,edishmonbw,Iqxix8nH,Ertha,Dishmon,edishmonbw@newyorker.com,37,5795 Raven Avenue,Trail,Antipino,,54515,Russia,true,3/5/2021,12/25/2020,12/30/2020,7/29/2021,4/3/2021,5,21
430,hflorencebx,0TsJpkfy8y,Hewett,Florence,hflorencebx@seattletimes.com,53,357 Sunbrook Terrace,Trail,Houmt Souk,,28540,Tunisia,true,2/25/2021,5/6/2021,8/29/2021,1/18/2021,3/8/2021,,
431,spalombaby,zDczBzF,Scott,Palomba,spalombaby@ibm.com,37,17 Garrison Drive,Center,Fak Tha,,36785,Thailand,true,6/1/2021,10/10/2021,1/3/2021,6/28/2021,7/5/2021,7,36
432,carmytagebz,kr255lt,Cam,Armytage,carmytagebz@amazon.co.uk,77,0473 Kropf Avenue,Point,Stepnogorsk,,26896,Kazakhstan,true,2/10/2021,2/14/2021,8/26/2021,6/15/2021,3/3/2021,,
433,vroscampsc0,q1FO4upZ,Vyky,Roscamps,vroscampsc0@jimdo.com,60,53643 Sutteridge Avenue,Center,Al Qadarif,,54570,Sudan,false,6/10/2021,7/14/2021,6/6/2021,6/30/2021,11/20/2020,,
434,jenockssonc1,HQROjfRK,Jerri,Enocksson,jenockssonc1@ask.com,41,614 6th Pass,Terrace,Heřmanova Huť,,94609,Czech Republic,false,3/17/2021,6/30/2021,9/29/2021,10/5/2021,10/2/2021,6,25
435,adiglinc2,WqQvZkky1,Alasteir,Diglin,adiglinc2@dion.ne.jp,69,41125 Schiller Street,Point,Huangcun,,61591,China,true,9/30/2021,10/9/2021,9/21/2021,10/17/2021,12/5/2020,,
436,aoleaghamc3,yFzvgZxcU8E,Andrew,O'Leagham,aoleaghamc3@wordpress.org,49,222 Nova Crossing,Plaza,Ghār al Milḩ,,87623,Tunisia,true,3/21/2021,10/12/2021,3/12/2021,11/4/2020,4/7/2021,,
437,ustpierrec4,QgdOkw,Urban,St. Pierre,ustpierrec4@yandex.ru,54,0452 Loomis Point,Way,São Miguel do Araguaia,,39051,Brazil,false,2/17/2021,5/28/2021,7/2/2021,2/16/2021,11/25/2020,5,39
438,wriccioppoc5,iNCAIp2kHWW,Wendall,Riccioppo,wriccioppoc5@multiply.com,77,71401 Glacier Hill Crossing,Alley,Yucheng,,32940,China,true,4/5/2021,3/9/2021,4/17/2021,6/16/2021,3/8/2021,6,38
439,gcopperwaitec6,PN8Tl1Y,Griffy,Copperwaite,gcopperwaitec6@yahoo.co.jp,18,0 Gulseth Drive,Plaza,Kyaikkami,,19251,Myanmar,true,1/17/2021,5/5/2021,6/16/2021,6/23/2021,7/8/2021,,
440,dfairallc7,QXVSAbxs8V,Davita,Fairall,dfairallc7@soup.io,14,1723 Lakewood Drive,Drive,Sali,,57536,Croatia,true,10/25/2020,9/17/2021,9/25/2021,6/26/2021,2/21/2021,4,21
441,atrinemanc8,Nc4DbaXPdLJ,Ashley,Trineman,atrinemanc8@nsw.gov.au,80,9212 Eliot Place,Plaza,Makata,,13733,Malawi,false,10/28/2020,5/13/2021,3/23/2021,8/12/2021,3/29/2021,6,30
442,liapicoc9,jVoyQxIU,Lind,Iapico,liapicoc9@opensource.org,92,7 Lawn Junction,Junction,Teseney,,76341,Eritrea,false,5/21/2021,2/23/2021,9/20/2021,7/12/2021,6/26/2021,3,28
443,ppetrushankoca,LhBZk7yxQ,Parnell,Petrushanko,ppetrushankoca@comsenz.com,81,931 Blue Bill Park Crossing,Point,Karangbadar Kidul,,41641,Indonesia,true,4/11/2021,3/10/2021,9/19/2021,2/2/2021,6/18/2021,4,22
444,jchsteneycb,yhiQPBv,John,Chsteney,jchsteneycb@myspace.com,10,95 Warner Lane,Center,Nàng Mau,,27786,Vietnam,false,1/1/2021,4/15/2021,6/10/2021,6/12/2021,8/8/2021,4,29
445,ndebullioncc,IxHaCpq,Nettle,de Bullion,ndebullioncc@comsenz.com,57,1595 Melrose Circle,Place,Ettal,,51810,Micronesia,false,1/23/2021,9/17/2021,10/23/2020,8/18/2021,9/8/2021,,
446,qsissonscd,DsLEKvAAd,Queenie,Sissons,qsissonscd@merriam-webster.com,38,42058 Arkansas Alley,Lane,Sukamantri Satu,,44699,Indonesia,true,4/1/2021,6/20/2021,12/14/2020,10/19/2020,9/29/2021,4,34
447,kdoxseyce,ieY7tkz,Karole,Doxsey,kdoxseyce@behance.net,87,0 Swallow Point,Drive,Krasnoye,,59943,Russia,false,5/15/2021,7/10/2021,4/21/2021,8/1/2021,11/14/2020,,
448,kgersoncf,5NASx3ruH,Kaitlin,Gerson,kgersoncf@sakura.ne.jp,83,2 Fallview Crossing,Drive,Mayqayyng,,41856,Kazakhstan,false,2/16/2021,4/22/2021,9/12/2021,8/19/2021,5/29/2021,5,38
449,hcransoncg,UDmb1H3h,Hana,Cranson,hcransoncg@spotify.com,46,14040 Manley Lane,Parkway,Borlänge,W,59023,Sweden,true,4/3/2021,8/26/2021,4/13/2021,2/4/2021,3/11/2021,,
450,nloffillch,ITN4FJHCnRk,Normand,Loffill,nloffillch@mit.edu,11,222 Westridge Court,Court,Shamva,,72209,Zimbabwe,true,6/8/2021,7/30/2021,5/18/2021,5/16/2021,11/21/2020,,
451,lgawenci,Kof6ErV,Lulu,Gawen,lgawenci@imdb.com,86,1385 Chinook Trail,Center,Haarlem,07,83846,Netherlands,false,8/14/2021,11/7/2020,12/1/2020,2/27/2021,6/25/2021,,
452,cmewrcikcj,dHFn1tCD9,Cal,Mewrcik,cmewrcikcj@bizjournals.com,33,562 Waxwing Plaza,Hill,Charat,,62689,Peru,false,10/2/2021,3/11/2021,2/12/2021,5/12/2021,8/17/2021,,
453,baddsck,WQ48WW2OcY,Bunni,Adds,baddsck@topsy.com,20,6 Bashford Way,Court,Parczew,,85892,Poland,false,9/24/2021,10/28/2020,8/28/2021,12/7/2020,10/13/2021,,
454,jsarfasscl,nEf3jSij,Jacqui,Sarfass,jsarfasscl@w3.org,48,5007 South Court,Road,Chengbei,,88642,China,true,8/3/2021,11/29/2020,11/28/2020,10/30/2020,11/2/2020,4,21
455,jphoenixcm,gHu5X0i,Jerry,Phoenix,jphoenixcm@va.gov,48,75 Donald Place,Pass,James Craik,,50500,Argentina,true,11/6/2020,9/22/2021,3/26/2021,3/9/2021,5/31/2021,3,40
456,pbernetcn,WGiCd2SgY,Penny,Bernet,pbernetcn@ow.ly,83,961 Lillian Trail,Center,Agios Dimitrios,,82676,Greece,true,2/20/2021,12/7/2020,11/19/2020,6/26/2021,6/3/2021,4,29
457,mchuckco,7DVohpxN5yd,Maura,Chuck,mchuckco@auda.org.au,90,705 Portage Crossing,Center,Sámara,,56766,Costa Rica,false,10/10/2021,8/11/2021,10/24/2020,10/13/2021,9/14/2021,7,36
458,aridelcp,iokVQVCmm,Antonie,Ridel,aridelcp@constantcontact.com,85,8 Holmberg Pass,Way,Kamionka Wielka,,90436,Poland,true,11/7/2020,10/9/2021,4/2/2021,7/11/2021,7/12/2021,3,28
459,dgashcq,VjEtERl,Derek,Gash,dgashcq@hugedomains.com,2,3 Larry Way,Road,Nova Viçosa,,99054,Brazil,false,11/16/2020,3/11/2021,10/24/2020,2/28/2021,12/4/2020,4,34
460,bpizercr,2VuIU90,Barrie,Pizer,bpizercr@mashable.com,4,22 Columbus Pass,Crossing,Storuman,AC,33127,Sweden,false,12/21/2020,7/12/2021,2/21/2021,9/16/2021,4/29/2021,4,37
461,cswiffincs,Tlqtsga,Cornelius,Swiffin,cswiffincs@npr.org,31,599 Saint Paul Center,Circle,Monroe,LA,97357,United States,false,3/9/2021,11/19/2020,5/26/2021,12/24/2020,6/20/2021,,
462,bghiottoct,rZaWuTvYhX,Bondie,Ghiotto,bghiottoct@bandcamp.com,90,7312 4th Avenue,Point,Nong Phok,,46142,Thailand,false,3/10/2021,2/28/2021,10/12/2021,8/19/2021,5/26/2021,5,26
463,rgoltoncu,IRzlo5cKvx,Riobard,Golton,rgoltoncu@facebook.com,79,94 Dunning Place,Parkway,Miaoli,,61268,Taiwan,false,1/25/2021,3/20/2021,3/26/2021,12/13/2020,4/25/2021,,
464,jtammadgecv,aRdQWKz2hCR,Jenda,Tammadge,jtammadgecv@dyndns.org,3,3 Moland Parkway,Circle,Khorostkiv,,65517,Ukraine,false,4/7/2021,2/20/2021,2/8/2021,3/24/2021,3/17/2021,4,29
465,kemettcw,NSM4u0,Kinsley,Emett,kemettcw@ezinearticles.com,31,5 Tony Way,Circle,Thị Trấn Mộc Châu,,31181,Vietnam,false,9/14/2021,6/9/2021,4/5/2021,5/12/2021,7/2/2021,4,36
466,fburnelcx,DBeebedQ5,Felita,Burnel,fburnelcx@blogtalkradio.com,70,8591 Melvin Terrace,Park,Tangier,,25394,Morocco,false,9/27/2021,5/20/2021,10/9/2021,7/6/2021,4/12/2021,,
467,bwilkscy,EwZSvcM,Bernardine,Wilks,bwilkscy@jimdo.com,76,98417 Green Trail,Alley,Nezamyslice,,78142,Czech Republic,true,9/25/2021,3/21/2021,7/27/2021,9/16/2021,9/8/2021,4,28
468,meshcz,Y88b60s,Milzie,Esh,meshcz@symantec.com,50,447 Tony Street,Plaza,Rakai,,91724,Uganda,true,9/5/2021,9/2/2021,11/1/2020,5/31/2021,5/20/2021,,
469,foconcannond0,VyQ0EqJ92,Francois,O' Concannon,foconcannond0@artisteer.com,63,97 Arrowood Junction,Road,Cacequi,,74450,Brazil,true,6/18/2021,5/16/2021,8/17/2021,5/26/2021,10/21/2020,,
470,hcaselyd1,590qB8E4tE,Humfried,Casely,hcaselyd1@cbc.ca,35,24075 Maple Wood Street,Way,Puszczykowo,,84931,Poland,true,3/10/2021,7/10/2021,8/15/2021,9/6/2021,5/6/2021,,
471,drigardd2,vjaY990,Dennison,Rigard,drigardd2@symantec.com,64,3506 Londonderry Court,Trail,Ulaan Khat,,18325,Mongolia,false,2/12/2021,11/24/2020,10/16/2021,1/7/2021,4/6/2021,3,40
472,ashorthoused3,HOwu7E0I,Allin,Shorthouse,ashorthoused3@prlog.org,42,571 Briar Crest Junction,Center,Chodzież,,45329,Poland,true,1/25/2021,12/20/2020,9/14/2021,8/17/2021,7/30/2021,3,30
473,mhaythd4,80doWB5t,Madelene,Hayth,mhaythd4@vkontakte.ru,97,03938 Lighthouse Bay Point,Way,Shima,,92219,China,true,9/12/2021,5/28/2021,5/7/2021,10/23/2020,9/30/2021,,
474,pjaillerd5,4p1O7wmlKuOI,Papageno,Jailler,pjaillerd5@reverbnation.com,32,8108 Scoville Street,Center,Dongpu,,15024,China,false,11/28/2020,2/5/2021,10/11/2021,10/24/2020,5/5/2021,3,21
475,ihortopd6,rgIK7Qqzgc,Ilse,Hortop,ihortopd6@deviantart.com,59,65960 3rd Avenue,Parkway,Divisoria,,55222,Philippines,true,5/31/2021,4/23/2021,2/3/2021,11/30/2020,9/2/2021,6,26
476,aheyburnd7,5rfcqf,Anjanette,Heyburn,aheyburnd7@infoseek.co.jp,78,9 Pankratz Plaza,Parkway,Cha-am,,28210,Thailand,true,9/21/2021,7/9/2021,5/5/2021,1/29/2021,11/16/2020,,
477,cmineghellid8,Ysd4JFLLvn5e,Constantine,Mineghelli,cmineghellid8@google.ru,58,3870 Ronald Regan Lane,Trail,Arlington,VA,25527,United States,false,7/7/2021,3/17/2021,8/15/2021,12/23/2020,11/6/2020,5,24
478,ademetzd9,Noaks5,Ali,De Metz,ademetzd9@gmpg.org,81,18066 Talmadge Place,Road,Jindayris,,91875,Syria,true,12/16/2020,11/17/2020,9/7/2021,8/13/2021,3/18/2021,,
479,jinksterda,L3HeGfmfC71x,Jenilee,Inkster,jinksterda@icio.us,13,76656 Lukken Trail,Point,Ajaccio,A5,17320,France,true,12/3/2020,3/2/2021,5/9/2021,4/23/2021,5/4/2021,,
480,vcaslindb,6IfgE8pIf,Vivianna,Caslin,vcaslindb@instagram.com,44,36 Shopko Point,Center,Pilcaniyeu,,17991,Argentina,false,12/20/2020,4/18/2021,1/21/2021,12/16/2020,4/14/2021,,
481,ccrossgrovedc,fBw4aE89ZX,Cherlyn,Crossgrove,ccrossgrovedc@usnews.com,31,00 Center Crossing,Crossing,Petrozavodsk,,59491,Russia,false,8/17/2021,4/12/2021,10/24/2020,2/16/2021,7/6/2021,3,32
482,slahrsdd,nupWL9,Sapphira,Lahrs,slahrsdd@wikipedia.org,95,1414 Bellgrove Lane,Crossing,Halimaung Jaya (F-3),,16338,Indonesia,false,11/25/2020,5/28/2021,12/8/2020,5/2/2021,9/3/2021,3,36
483,fgravede,sjC6MlnJb2,Free,Grave,fgravede@toplist.cz,45,987 Johnson Court,Way,Pereyaslav-Khmel’nyts’kyy,,89003,Ukraine,false,10/14/2021,8/25/2021,11/9/2020,4/6/2021,9/3/2021,6,22
484,pmatchelldf,OJrrPb,Patrice,Matchell,pmatchelldf@sciencedaily.com,4,4 Saint Paul Plaza,Street,Xianshuigu,,86360,China,false,11/7/2020,9/30/2021,9/30/2021,5/22/2021,1/21/2021,3,30
485,tbelliedg,wMZ95XZI9V,Tamma,Bellie,tbelliedg@altervista.org,18,56 Westend Avenue,Avenue,Kopen,,99422,Indonesia,true,1/10/2021,12/29/2020,8/8/2021,9/2/2021,9/7/2021,,
486,klahertydh,hKHeSFRSp,Katha,Laherty,klahertydh@tripadvisor.com,71,82 Summer Ridge Circle,Place,Krzeszów,,98268,Poland,true,10/8/2021,8/7/2021,2/17/2021,9/20/2021,10/22/2020,,
487,valfwydi,Tzay9leQvUcW,Vernice,Alfwy,valfwydi@nba.com,62,34 Jenna Avenue,Park,Quốc Oai,,29315,Vietnam,true,7/27/2021,7/15/2021,4/27/2021,11/11/2020,11/17/2020,6,28
488,khenrychdj,bWNwGN67,Kanya,Henrych,khenrychdj@ning.com,51,9642 Fisk Place,Circle,Fengle,,19516,China,true,9/19/2021,7/9/2021,1/9/2021,10/23/2020,10/23/2020,5,40
489,sjeavesdk,OIryF6Y5,Stella,Jeaves,sjeavesdk@godaddy.com,11,67 Warbler Junction,Way,Condong,,28161,Indonesia,true,5/12/2021,11/5/2020,8/5/2021,10/13/2021,11/16/2020,6,29
490,jpharedl,UnT1wLg4zt,Jeanna,Phare,jpharedl@cdbaby.com,4,908 Fairview Lane,Park,Inozemtsevo,,67028,Russia,false,11/13/2020,1/9/2021,6/18/2021,8/6/2021,12/14/2020,5,40
491,djelldm,xdmtJUtxfHgJ,Doretta,Jell,djelldm@independent.co.uk,87,66 Beilfuss Road,Alley,Opatów,,53165,Poland,true,1/2/2021,2/16/2021,5/28/2021,11/13/2020,10/12/2021,,
492,hgaylarddn,ks7Iblf,Hercule,Gaylard,hgaylarddn@un.org,62,1 Parkside Way,Point,Velké Bílovice,,70549,Czech Republic,false,11/13/2020,2/15/2021,2/28/2021,1/15/2021,1/18/2021,6,33
493,jhearsondo,hvq0jsg,Jarad,Hearson,jhearsondo@imdb.com,71,2943 Magdeline Park,Court,Ierápetra,,12595,Greece,true,9/15/2021,6/21/2021,4/8/2021,5/7/2021,5/28/2021,,
494,adufouredp,Vybfw5A6z,Alisander,Dufoure,adufouredp@flickr.com,50,4 Katie Road,Parkway,Boticas,17,73328,Portugal,false,12/30/2020,1/11/2021,12/30/2020,2/18/2021,4/18/2021,,
495,ndudindq,3WsBRVcD,Norean,Dudin,ndudindq@soup.io,66,011 Old Gate Circle,Trail,Zinder,,80184,Niger,false,8/17/2021,7/29/2021,6/9/2021,1/3/2021,6/2/2021,3,29
496,jportmandr,4dC9kxVj,Juliana,Portman,jportmandr@pcworld.com,56,52 Carpenter Court,Pass,Vishow,,19862,Belarus,true,11/12/2020,5/5/2021,3/12/2021,10/17/2021,1/1/2021,5,23
497,schristoffeds,mqzUCamQu,Shawn,Christoffe,schristoffeds@wikipedia.org,61,3 Kingsford Circle,Terrace,Palma De Mallorca,IB,69622,Spain,false,10/14/2021,2/9/2021,3/24/2021,3/21/2021,4/6/2021,6,35
498,asparkwelldt,9eX3RpsDzU6O,Adelheid,Sparkwell,asparkwelldt@devhub.com,7,70007 Glendale Pass,Avenue,Rumburk,,77661,Czech Republic,true,6/23/2021,7/27/2021,12/28/2020,6/4/2021,5/22/2021,,
499,upaddeleydu,navZIsPoLRLw,Ulric,Paddeley,upaddeleydu@flavors.me,61,35538 Rieder Drive,Street,Santa Cruz,,74868,Philippines,false,5/31/2021,3/25/2021,5/22/2021,7/19/2021,11/17/2020,,
500,gbonafacinodv,8W3jstgo8,Gwenore,Bonafacino,gbonafacinodv@cnet.com,93,73 Waubesa Terrace,Street,Qalandiyā,,53109,Palestinian Territory,false,3/6/2021,10/6/2021,7/26/2021,1/18/2021,10/13/2021,,
